[{"id": 908, "created": "2021-04-27T15:42:37.052429", "project_id": 5, "state": "ongoing", "quorum": 0, "calibration": 0, "priority_0": 0.0, "info": {"name": "ACE Inhibitor", "definition": "Angiotensin-converting-enzyme inhibitors (ACE inhibitors) are a class of medication used primarily for the treatment of high blood pressure and heart failure."}, "n_answers": 30, "fav_user_ids": null}, {"id": 909, "created": "2021-04-27T15:42:37.070542", "project_id": 5, "state": "ongoing", "quorum": 0, "calibration": 0, "priority_0": 0.0, "info": {"name": "Acute respiratory stress syndrome", "definition": "a condition in which fluid builds up in the air sacs of the lungs. The fluid prohibits the lungs from getting enough air, leading to a deprivation of oxygen in the bloodstream."}, "n_answers": 30, "fav_user_ids": null}, {"id": 910, "created": "2021-04-27T15:42:37.082112", "project_id": 5, "state": "ongoing", "quorum": 0, "calibration": 0, "priority_0": 0.0, "info": {"name": "Air bridge", "definition": "a travel corridor between two or more states allowing passage without quarantine. In July 2020, amid confusion, official messaging began to substitute the phrase \u2018international travel corridors\u2019."}, "n_answers": 30, "fav_user_ids": null}, {"id": 911, "created": "2021-04-27T15:42:37.093553", "project_id": 5, "state": "ongoing", "quorum": 0, "calibration": 0, "priority_0": 0.0, "info": {"name": "Airborne", "definition": "When a virus can be transmitted from person to person by the tiny particles of moisture released from the mouth or nose when speaking, breathing or singing."}, "n_answers": 30, "fav_user_ids": null}, {"id": 912, "created": "2021-04-27T15:42:37.104900", "project_id": 5, "state": "ongoing", "quorum": 0, "calibration": 0, "priority_0": 0.0, "info": {"name": "Anti-viral medicines", "definition": "A class of drugs used to treat viral infections not bacterial ones (which are treated with antibiotics)."}, "n_answers": 30, "fav_user_ids": null}, {"id": 913, "created": "2021-04-27T15:42:37.116872", "project_id": 5, "state": "ongoing", "quorum": 0, "calibration": 0, "priority_0": 0.0, "info": {"name": "Antibody Testing", "definition": "Antibody blood tests, also called antibody tests, detect specific types of antibodies in your blood, which show if you had a previous infection with the virus."}, "n_answers": 30, "fav_user_ids": null}, {"id": 914, "created": "2021-04-27T15:42:37.128317", "project_id": 5, "state": "ongoing", "quorum": 0, "calibration": 0, "priority_0": 0.0, "info": {"name": "ARDS", "definition": "a condition in which fluid builds up in the air sacs of the lungs. The fluid prohibits the lungs from getting enough air, leading to a deprivation of oxygen in the bloodstream."}, "n_answers": 30, "fav_user_ids": null}, {"id": 915, "created": "2021-04-27T15:42:37.140129", "project_id": 5, "state": "ongoing", "quorum": 0, "calibration": 0, "priority_0": 0.0, "info": {"name": "Asymptomatic", "definition": "Person not showing any signs of illness. Some people without any symptoms still have and can spread the coronavirus."}, "n_answers": 30, "fav_user_ids": null}, {"id": 916, "created": "2021-04-27T15:42:37.151366", "project_id": 5, "state": "ongoing", "quorum": 0, "calibration": 0, "priority_0": 0.0, "info": {"name": "Asymptomatic transmission", "definition": "The transmission of a virus by people who are infected but don't realize it because they don't have any symptoms. Coronavirus can be transmitted asymptomatically."}, "n_answers": 30, "fav_user_ids": null}, {"id": 917, "created": "2021-04-27T15:42:37.162891", "project_id": 5, "state": "ongoing", "quorum": 0, "calibration": 0, "priority_0": 0.0, "info": {"name": "Basic reproduction number", "definition": "The average number of secondary cases generated by an infected person when the whole population is susceptible to the infectious disease."}, "n_answers": 30, "fav_user_ids": null}, {"id": 918, "created": "2021-04-27T15:42:37.174571", "project_id": 5, "state": "ongoing", "quorum": 0, "calibration": 0, "priority_0": 0.0, "info": {"name": "Biosurveillance", "definition": "Monitoring the occurrence of contagion in a population."}, "n_answers": 30, "fav_user_ids": null}, {"id": 919, "created": "2021-04-27T15:42:37.186160", "project_id": 5, "state": "ongoing", "quorum": 0, "calibration": 0, "priority_0": 0.0, "info": {"name": "Bubble", "definition": "A bubble is formed by people not necessarily from the same household who agree to create a group in which physical distancing measures are not mandatory. The number of people allowed in a bubble can vary from one place to another."}, "n_answers": 30, "fav_user_ids": null}, {"id": 920, "created": "2021-04-27T15:42:37.197503", "project_id": 5, "state": "ongoing", "quorum": 0, "calibration": 0, "priority_0": 0.0, "info": {"name": "Case cluster", "definition": "A geographical or temporal collection of cases of an infectious disease that is higher in number than what would be expected in a given area over a specific period of time."}, "n_answers": 30, "fav_user_ids": null}, {"id": 921, "created": "2021-04-27T15:42:37.209204", "project_id": 5, "state": "ongoing", "quorum": 0, "calibration": 0, "priority_0": 0.0, "info": {"name": "Case definition", "definition": "A set of criteria for determining whether a person has a given disease."}, "n_answers": 30, "fav_user_ids": null}, {"id": 922, "created": "2021-04-27T15:42:37.220715", "project_id": 5, "state": "ongoing", "quorum": 0, "calibration": 0, "priority_0": 0.0, "info": {"name": "Case Fatality Rate", "definition": "An estimate of the risk of mortality from a contagious disease."}, "n_answers": 30, "fav_user_ids": null}, {"id": 923, "created": "2021-04-27T15:42:37.232784", "project_id": 5, "state": "ongoing", "quorum": 0, "calibration": 0, "priority_0": 0.0, "info": {"name": "Case Investigation", "definition": "A case investigation occurs when public health officials learn that someone has tested positive for COVID19, and an interviewer reaches out to that person to determine who they have been in close contact with."}, "n_answers": 30, "fav_user_ids": null}, {"id": 924, "created": "2021-04-27T15:42:37.244578", "project_id": 5, "state": "ongoing", "quorum": 0, "calibration": 0, "priority_0": 0.0, "info": {"name": "CDC", "definition": "The Centers for Disease Control and Prevention (CDC) is a national public health institute in the United States. It is a United States federal agency, under the Department of Health and Human Services,and is headquartered in Atlanta, Georgia."}, "n_answers": 30, "fav_user_ids": null}, {"id": 925, "created": "2021-04-27T15:42:37.255856", "project_id": 5, "state": "ongoing", "quorum": 0, "calibration": 0, "priority_0": 0.0, "info": {"name": "Centers for Disease Control", "definition": "The Centers for Disease Control and Prevention (CDC) is a national public health institute in the United States. It is a United States federal agency, under the Department of Health and Human Services,and is headquartered in Atlanta, Georgia."}, "n_answers": 30, "fav_user_ids": null}, {"id": 926, "created": "2021-04-27T15:42:37.267663", "project_id": 5, "state": "ongoing", "quorum": 0, "calibration": 0, "priority_0": 0.0, "info": {"name": "CFR", "definition": "An estimate of the risk of mortality from a contagious disease."}, "n_answers": 30, "fav_user_ids": null}, {"id": 927, "created": "2021-04-27T15:42:37.279333", "project_id": 5, "state": "ongoing", "quorum": 0, "calibration": 0, "priority_0": 0.0, "info": {"name": "Chain of infection", "definition": "The chain of infection is composed of six links the infectious agent, the reservoir, the portal of exit, the mode of transmission, the portal of entry and the susceptible host."}, "n_answers": 30, "fav_user_ids": null}, {"id": 928, "created": "2021-04-27T15:42:37.291153", "project_id": 5, "state": "ongoing", "quorum": 0, "calibration": 0, "priority_0": 0.0, "info": {"name": "Clinical trial", "definition": "They are research experiments on human participants designed to answer questions about new treatments; in the case of COVID-19 and coronaviruses, the safety and efficacy of a potential vaccine."}, "n_answers": 30, "fav_user_ids": null}, {"id": 929, "created": "2021-04-27T15:42:37.303154", "project_id": 5, "state": "ongoing", "quorum": 0, "calibration": 0, "priority_0": 0.0, "info": {"name": "Clinically diagnosed", "definition": "When a person is diagnosed with a disease by their health care provider based on symptoms and risk factors, but they do not have a laboratory test to confirm the diagnosis."}, "n_answers": 30, "fav_user_ids": null}, {"id": 930, "created": "2021-04-27T15:42:37.314975", "project_id": 5, "state": "ongoing", "quorum": 0, "calibration": 0, "priority_0": 0.0, "info": {"name": "Close Contact", "definition": "A close contact is a person who has been within about 6 feet of a person who has a confirmed novel coronavirus infection for a prolonged period of time or has had direct contact with secretions from a person with confirmed novel coronavirus infection."}, "n_answers": 30, "fav_user_ids": null}, {"id": 931, "created": "2021-04-27T15:42:37.326540", "project_id": 5, "state": "ongoing", "quorum": 0, "calibration": 0, "priority_0": 0.0, "info": {"name": "Cluster", "definition": "A collection of cases occurring in the same place at the same time. In the U.S. in February and March, early clusters of COVID-19 developed in California, New York, and Washington state."}, "n_answers": 30, "fav_user_ids": null}, {"id": 932, "created": "2021-04-27T15:42:37.338119", "project_id": 5, "state": "ongoing", "quorum": 0, "calibration": 0, "priority_0": 0.0, "info": {"name": "Cluster of Disease", "definition": "An unusually high incidence of a particular disease occurring at the same time and place."}, "n_answers": 30, "fav_user_ids": null}, {"id": 933, "created": "2021-04-27T15:42:37.349642", "project_id": 5, "state": "ongoing", "quorum": 0, "calibration": 0, "priority_0": 0.0, "info": {"name": "Cold zone", "definition": "The support zone (or cold zone) is the area of the site that is free from contamination and that may be safely used as a planning and staging area."}, "n_answers": 30, "fav_user_ids": null}, {"id": 934, "created": "2021-04-27T15:42:37.504771", "project_id": 5, "state": "ongoing", "quorum": 0, "calibration": 0, "priority_0": 0.0, "info": {"name": "Common invisible enemy", "definition": "Virus as a sinister threat to the collectivity (NATO). A phrase used by Donald Trump, as in this tweet from 10th April 2020 \u2018The Invisible Enemy will soon be in full retreat!\u2019."}, "n_answers": 30, "fav_user_ids": null}, {"id": 935, "created": "2021-04-27T15:42:37.967445", "project_id": 5, "state": "ongoing", "quorum": 0, "calibration": 0, "priority_0": 0.0, "info": {"name": "Communicable", "definition": "Similar in meaning as \"contagious.\" Used to describe diseases that can be spread or transmitted from one person to another."}, "n_answers": 30, "fav_user_ids": null}, {"id": 936, "created": "2021-04-27T15:42:37.980002", "project_id": 5, "state": "ongoing", "quorum": 0, "calibration": 0, "priority_0": 0.0, "info": {"name": "Community mitigation", "definition": "As they relate to COVID-19, the CDC defines community mitigation strategies as actions, apart from getting vaccinated and taking medicine, that people and communities can take to help slow the spread of illnesses like pandemic influenza (flu)."}, "n_answers": 30, "fav_user_ids": null}, {"id": 937, "created": "2021-04-27T15:42:37.992007", "project_id": 5, "state": "ongoing", "quorum": 0, "calibration": 0, "priority_0": 0.0, "info": {"name": "Community spread", "definition": "Circulation of a disease among people in a certain area with no clear explanation of how they were infected they did not travel to an affected area and had no close link to another confirmed case. This is sometimes referred to as community transmission."}, "n_answers": 30, "fav_user_ids": null}, {"id": 938, "created": "2021-04-27T15:42:38.003566", "project_id": 5, "state": "ongoing", "quorum": 0, "calibration": 0, "priority_0": 0.0, "info": {"name": "Community transmission", "definition": "Infections identified in a given geographic area without a history of travel elsewhere and no connection to a known case."}, "n_answers": 30, "fav_user_ids": null}, {"id": 939, "created": "2021-04-27T15:42:38.015027", "project_id": 5, "state": "ongoing", "quorum": 0, "calibration": 0, "priority_0": 0.0, "info": {"name": "Confirmed positive case", "definition": "in contrast to a presumptive positive case, this is confirmation from the Centers for Disease Control and Prevention (CDC) of a positive COVID-19 test in an individual."}, "n_answers": 30, "fav_user_ids": null}, {"id": 940, "created": "2021-04-27T15:42:38.026241", "project_id": 5, "state": "ongoing", "quorum": 0, "calibration": 0, "priority_0": 0.0, "info": {"name": "Congregate settings", "definition": "Public places that can get crowded and where contact with infected people can happen. This includes places like malls, theaters, and grocery stores."}, "n_answers": 30, "fav_user_ids": null}, {"id": 941, "created": "2021-04-27T15:42:38.037514", "project_id": 5, "state": "ongoing", "quorum": 0, "calibration": 0, "priority_0": 0.0, "info": {"name": "Contact follow-up", "definition": "The final step of contact tracing that involves getting in touch with the identified contacts of a person having an infectious disease to monitor their symptoms and ensure that proper measures are taken to avoid the spread of the infectious disease."}, "n_answers": 30, "fav_user_ids": null}, {"id": 942, "created": "2021-04-27T15:42:38.049011", "project_id": 5, "state": "ongoing", "quorum": 0, "calibration": 0, "priority_0": 0.0, "info": {"name": "Contact identification", "definition": "The first step of contact tracing that involves questioning a person having an infectious disease about their activities and their interactions with others to identify the people who have been in contact with them."}, "n_answers": 30, "fav_user_ids": null}, {"id": 943, "created": "2021-04-27T15:42:38.060437", "project_id": 5, "state": "ongoing", "quorum": 0, "calibration": 0, "priority_0": 0.0, "info": {"name": "Contact listing", "definition": "The second step of contact tracing that involves communicating with people who have been in contact with a person having an infectious disease to inform them of the exposure, and to give them information about the importance of receiving early care if they develop symptoms and about measures to take to avoid the spread of the infectious disease."}, "n_answers": 30, "fav_user_ids": null}, {"id": 944, "created": "2021-04-27T15:42:38.072706", "project_id": 5, "state": "ongoing", "quorum": 0, "calibration": 0, "priority_0": 0.0, "info": {"name": "Contact tracing", "definition": "The process of identifying, assessing, and managing people who have been exposed to a contagious disease to prevent onward transmission.In the case of COVID-19, monitoring usually involves self-quarantine as an effort to control the spread of disease."}, "n_answers": 30, "fav_user_ids": null}, {"id": 945, "created": "2021-04-27T15:42:38.084431", "project_id": 5, "state": "ongoing", "quorum": 0, "calibration": 0, "priority_0": 0.0, "info": {"name": "Contactless", "definition": "without contact; for example, \u2018contactless delivery\u2019 would include leaving purchased items at the entryway of a home rather than handing it directly to a person."}, "n_answers": 30, "fav_user_ids": null}, {"id": 946, "created": "2021-04-27T15:42:38.095843", "project_id": 5, "state": "ongoing", "quorum": 0, "calibration": 0, "priority_0": 0.0, "info": {"name": "Contagious disease", "definition": "A disease that can spread from person to person through direct or indirect transmission. Also known as communicable disease. Coronavirus is a highly contagious disease."}, "n_answers": 30, "fav_user_ids": null}, {"id": 947, "created": "2021-04-27T15:42:38.107041", "project_id": 5, "state": "ongoing", "quorum": 0, "calibration": 0, "priority_0": 0.0, "info": {"name": "Containment area", "definition": "a geographical zone with limited access in or out in an effort to contain an outbreak."}, "n_answers": 30, "fav_user_ids": null}, {"id": 948, "created": "2021-04-27T15:42:38.118318", "project_id": 5, "state": "ongoing", "quorum": 0, "calibration": 0, "priority_0": 0.0, "info": {"name": "Contaminated", "definition": "It is used to describe the state that the virus has gotten on a surface, an object or a limb."}, "n_answers": 30, "fav_user_ids": null}, {"id": 949, "created": "2021-04-27T15:42:38.129544", "project_id": 5, "state": "ongoing", "quorum": 0, "calibration": 0, "priority_0": 0.0, "info": {"name": "Convalescent plasma", "definition": "The antibody-rich plasma of someone who is recovering from an infectious disease.The body of a person with an infectious disease produces antibodies. The antibodies remain in the plasma to shield the person from reinfection."}, "n_answers": 30, "fav_user_ids": null}, {"id": 950, "created": "2021-04-27T15:42:38.141060", "project_id": 5, "state": "ongoing", "quorum": 0, "calibration": 0, "priority_0": 0.0, "info": {"name": "Cordon sanitaire", "definition": "A measure preventing anyone from leaving a defined geographic area, such as a community, region, or country infected by a disease to stop the spread of the disease."}, "n_answers": 30, "fav_user_ids": null}, {"id": 951, "created": "2021-04-27T15:42:38.152325", "project_id": 5, "state": "ongoing", "quorum": 0, "calibration": 0, "priority_0": 0.0, "info": {"name": "Coronavirus", "definition": "A family of related viruses. Many of them cause respiratory illnesses. \"Corona\" alludes to the tiny spikes found on the surface of the virus, which scientists thought resembled a crown, when seen through a microscope."}, "n_answers": 30, "fav_user_ids": null}, {"id": 952, "created": "2021-04-27T15:42:38.290245", "project_id": 5, "state": "ongoing", "quorum": 0, "calibration": 0, "priority_0": 0.0, "info": {"name": "Coronavirus disease 2019", "definition": "The novel CoronavIrus Disease is an upper respiratory infection that was first identified in 2019. The germ that causes it is formally known as SARS-CoV-2.The symptoms of COVID-19 include cough, fever, and shortness of breath. While the disease appears to cause mild to moderate illness in most people, in others it has caused life-threatening pneumonia and death."}, "n_answers": 30, "fav_user_ids": null}, {"id": 953, "created": "2021-04-27T15:42:38.302202", "project_id": 5, "state": "ongoing", "quorum": 0, "calibration": 0, "priority_0": 0.0, "info": {"name": "Coronavirus tests", "definition": "Diagnostic testing for coronavirus infection is currently done through a nasal or throat swab. A clinician uses a long cotton swab to take a sample of mucus and other secretions from the back of your throat. The swab enters through the patient's nose and passes into your throat. This sample is sent to a laboratory for testing."}, "n_answers": 30, "fav_user_ids": null}, {"id": 954, "created": "2021-04-27T15:42:38.313568", "project_id": 5, "state": "ongoing", "quorum": 0, "calibration": 0, "priority_0": 0.0, "info": {"name": "COVID-19", "definition": "A shorthand way of referring to the novel Coronavirus Disease, an upper respiratory infection that was first identified in 2019. The germ that causes it is formally known as SARS-CoV-2.The symptoms of COVID-19 include cough, fever, and shortness of breath. While the disease appears to cause mild to moderate illness in most people, in others it has caused life-threatening pneumonia and death."}, "n_answers": 30, "fav_user_ids": null}, {"id": 955, "created": "2021-04-27T15:42:38.324879", "project_id": 5, "state": "ongoing", "quorum": 0, "calibration": 0, "priority_0": 0.0, "info": {"name": "Cytokine Storm", "definition": "A severe immune reaction in which the body releases too many cytokines into the blood too quickly. Cytokines play an important role in normal immune responses, but having a large amount of them released in the body all at once can be harmful. Signs and symptoms include high fever, inflammation (redness and swelling), and severe fatigue and nausea."}, "n_answers": 30, "fav_user_ids": null}, {"id": 956, "created": "2021-04-27T15:42:38.336037", "project_id": 5, "state": "ongoing", "quorum": 0, "calibration": 0, "priority_0": 0.0, "info": {"name": "Direct transmission", "definition": "The transmission of a disease through direct physical contact, such as shaking hands or kissing, between an infected person and another, or when the spray produced by an infected person's cough or sneeze reaches another's nose, mouth or eyes."}, "n_answers": 30, "fav_user_ids": null}, {"id": 957, "created": "2021-04-27T15:42:38.347273", "project_id": 5, "state": "ongoing", "quorum": 0, "calibration": 0, "priority_0": 0.0, "info": {"name": "Disease Cluster", "definition": "A disease cluster is an unusually high incidence of a particular disease or disorder occurring in close proximity in terms of both time and geography. Typically, when clusters are recognized, they are reported to public health departments in the local area."}, "n_answers": 30, "fav_user_ids": null}, {"id": 958, "created": "2021-04-27T15:42:38.358573", "project_id": 5, "state": "ongoing", "quorum": 0, "calibration": 0, "priority_0": 0.0, "info": {"name": "Disinfection", "definition": "It is the process of killing microorganisms in the inanimate environment or stopping their reproduction. Chemical substances used for this purpose are called disinfectants."}, "n_answers": 30, "fav_user_ids": null}, {"id": 959, "created": "2021-04-27T15:42:38.370147", "project_id": 5, "state": "ongoing", "quorum": 0, "calibration": 0, "priority_0": 0.0, "info": {"name": "Disinformation pandemic", "definition": "the spread of fake news and false theories."}, "n_answers": 30, "fav_user_ids": null}, {"id": 960, "created": "2021-04-27T15:42:38.389544", "project_id": 5, "state": "ongoing", "quorum": 0, "calibration": 0, "priority_0": 0.0, "info": {"name": "Drive through testing", "definition": "Individuals remain in their vehicles, and medical staff in protective gear come to administer the swab test and the swabs are sent to a laboratory for testing."}, "n_answers": 30, "fav_user_ids": null}, {"id": 961, "created": "2021-04-27T15:42:38.400863", "project_id": 5, "state": "ongoing", "quorum": 0, "calibration": 0, "priority_0": 0.0, "info": {"name": "Droplet transmission", "definition": "A mode of transmission for a contagious disease that involves relatively large, short-range (less than 6 feet) respiratory droplets produced by sneezing, coughing, or talking."}, "n_answers": 30, "fav_user_ids": null}, {"id": 962, "created": "2021-04-27T15:42:38.412915", "project_id": 5, "state": "ongoing", "quorum": 0, "calibration": 0, "priority_0": 0.0, "info": {"name": "Dry cough", "definition": "A cough with no expectoration."}, "n_answers": 30, "fav_user_ids": null}, {"id": 963, "created": "2021-04-27T15:42:38.424752", "project_id": 5, "state": "ongoing", "quorum": 0, "calibration": 0, "priority_0": 0.0, "info": {"name": "Early detection", "definition": "The identification of a specific disease at an early stage in the natural history of the disease."}, "n_answers": 30, "fav_user_ids": null}, {"id": 964, "created": "2021-04-27T15:42:38.436738", "project_id": 5, "state": "ongoing", "quorum": 0, "calibration": 0, "priority_0": 0.0, "info": {"name": "Elbow bump", "definition": "The elbow bump is a way of greeting each other without shaking hands."}, "n_answers": 30, "fav_user_ids": null}, {"id": 965, "created": "2021-04-27T15:42:38.448571", "project_id": 5, "state": "ongoing", "quorum": 0, "calibration": 0, "priority_0": 0.0, "info": {"name": "Elective procedures", "definition": "Procedures that are considered non-urgent and non-essential. During periods of community transmission, CDC is recommending postponing elective procedures, surgeries, and non-urgent outpatient visits."}, "n_answers": 30, "fav_user_ids": null}, {"id": 966, "created": "2021-04-27T15:42:38.686716", "project_id": 5, "state": "ongoing", "quorum": 0, "calibration": 0, "priority_0": 0.0, "info": {"name": "Endemic", "definition": "The baseline, or expected, level of the disease in the community meaning it always exists, like the common cold and flu, which are usually at low, predictable rates."}, "n_answers": 30, "fav_user_ids": null}, {"id": 967, "created": "2021-04-27T15:42:39.042697", "project_id": 5, "state": "ongoing", "quorum": 0, "calibration": 0, "priority_0": 0.0, "info": {"name": "Entry screening", "definition": "A screening done when a person arrives in a country."}, "n_answers": 30, "fav_user_ids": null}, {"id": 968, "created": "2021-04-27T15:42:39.054705", "project_id": 5, "state": "ongoing", "quorum": 0, "calibration": 0, "priority_0": 0.0, "info": {"name": "Epidemic", "definition": "This refers to a sudden increase in the number of cases of a disease, above what is typically expected in a particular area."}, "n_answers": 30, "fav_user_ids": null}, {"id": 969, "created": "2021-04-27T15:42:39.066594", "project_id": 5, "state": "ongoing", "quorum": 0, "calibration": 0, "priority_0": 0.0, "info": {"name": "Epidemic curve", "definition": "a graph or chart depicting the progression of an outbreak in a particular population."}, "n_answers": 30, "fav_user_ids": null}, {"id": 970, "created": "2021-04-27T15:42:39.077775", "project_id": 5, "state": "ongoing", "quorum": 0, "calibration": 0, "priority_0": 0.0, "info": {"name": "Epidemic Threshold", "definition": "As defined by the World Health Organization (WHO), epidemic threshold is the critical number or density of susceptible hosts required for an epidemic to occur. The epidemic threshold is used to confirm the emergence of an epidemic so as to step-up appropriate control measures."}, "n_answers": 30, "fav_user_ids": null}, {"id": 971, "created": "2021-04-27T15:42:39.089209", "project_id": 5, "state": "ongoing", "quorum": 0, "calibration": 0, "priority_0": 0.0, "info": {"name": "Epidemiology", "definition": "The branch of medicine that studies how diseases happen and spread in communities of people. A person who studies epidemiology is called an epidemiologist."}, "n_answers": 30, "fav_user_ids": null}, {"id": 972, "created": "2021-04-27T15:42:39.100476", "project_id": 5, "state": "ongoing", "quorum": 0, "calibration": 0, "priority_0": 0.0, "info": {"name": "Essential business", "definition": "Essential businesses are those that serve a critical purpose, such as grocery stores, pharmacies, waste collection, health care providers, gas stations, banks, transportation and agriculture services. This contrasts to non-essential businesses, which serve more recreational purposes."}, "n_answers": 30, "fav_user_ids": null}, {"id": 973, "created": "2021-04-27T15:42:39.112378", "project_id": 5, "state": "ongoing", "quorum": 0, "calibration": 0, "priority_0": 0.0, "info": {"name": "Expectoration", "definition": "The material expelled from the respiratory tract through the mouth by coughing or clearing the throat."}, "n_answers": 30, "fav_user_ids": null}, {"id": 974, "created": "2021-04-27T15:42:39.123768", "project_id": 5, "state": "ongoing", "quorum": 0, "calibration": 0, "priority_0": 0.0, "info": {"name": "Exposed", "definition": "This means coming in contact with the virus. The virus is thought to spread when someone who is infected coughs, sneezes, or exhales. This is why people should stay at least 6 feet from each other. The virus can also get on surfaces and objects that other people then touch. It is important to wash your hands before you touch your mouth, nose, face, or eyes."}, "n_answers": 30, "fav_user_ids": null}, {"id": 975, "created": "2021-04-27T15:42:39.134951", "project_id": 5, "state": "ongoing", "quorum": 0, "calibration": 0, "priority_0": 0.0, "info": {"name": "Face covering", "definition": "An accessory covering the mouth and nose to prevent droplet transmission in situations where it is impossible to apply physical distancing measures."}, "n_answers": 30, "fav_user_ids": null}, {"id": 976, "created": "2021-04-27T15:42:39.147001", "project_id": 5, "state": "ongoing", "quorum": 0, "calibration": 0, "priority_0": 0.0, "info": {"name": "False negative", "definition": "When a test done on a specimen collected from a person infected by the disease being tested for yields a negative result, it is a false negative."}, "n_answers": 30, "fav_user_ids": null}, {"id": 977, "created": "2021-04-27T15:42:39.158646", "project_id": 5, "state": "ongoing", "quorum": 0, "calibration": 0, "priority_0": 0.0, "info": {"name": "False positive", "definition": "When a test done on a specimen collected from a person not infected by the disease being tested for yields a positive result, it is a false positive."}, "n_answers": 30, "fav_user_ids": null}, {"id": 978, "created": "2021-04-27T15:42:39.170076", "project_id": 5, "state": "ongoing", "quorum": 0, "calibration": 0, "priority_0": 0.0, "info": {"name": "Filiation", "definition": "The name of the process of screening the chain of contact related to an infectious disease."}, "n_answers": 30, "fav_user_ids": null}, {"id": 979, "created": "2021-04-27T15:42:39.181641", "project_id": 5, "state": "ongoing", "quorum": 0, "calibration": 0, "priority_0": 0.0, "info": {"name": "Flatten the curve", "definition": "Slowing a virus' spread to reduce the peak number of cases and related demands on hospitals and infrastructure Controlling the rate of new cases of COVID-19.The \"curve\" refers to a graph showing the number of cases of COVID-19 that happen over a period of time. Many cases happening in a short period of time create a graph that looks like a tall spike."}, "n_answers": 30, "fav_user_ids": null}, {"id": 980, "created": "2021-04-27T15:42:39.193346", "project_id": 5, "state": "ongoing", "quorum": 0, "calibration": 0, "priority_0": 0.0, "info": {"name": "Fomite", "definition": "An inanimate object that can be the vehicle for transmission of an infectious agent (e.g., bedding, towels, or surgical instruments). There is evidence that coronavirus spreads via fomites although, this is a less common route of transmission."}, "n_answers": 30, "fav_user_ids": null}, {"id": 981, "created": "2021-04-27T15:42:39.204960", "project_id": 5, "state": "ongoing", "quorum": 0, "calibration": 0, "priority_0": 0.0, "info": {"name": "Foot shake", "definition": "The foot shake is a way of greeting each other without shaking hands."}, "n_answers": 30, "fav_user_ids": null}, {"id": 982, "created": "2021-04-27T15:42:39.216870", "project_id": 5, "state": "ongoing", "quorum": 0, "calibration": 0, "priority_0": 0.0, "info": {"name": "Forehead thermometer", "definition": "a device that measures body temperature through hovering near or contact with the forehead rather than traditional insertion."}, "n_answers": 30, "fav_user_ids": null}, {"id": 983, "created": "2021-04-27T15:42:39.228501", "project_id": 5, "state": "ongoing", "quorum": 0, "calibration": 0, "priority_0": 0.0, "info": {"name": "Frontline workers", "definition": "Key workers or frontline staff are employees who provide an essential service or key public service."}, "n_answers": 30, "fav_user_ids": null}, {"id": 984, "created": "2021-04-27T15:42:39.484568", "project_id": 5, "state": "ongoing", "quorum": 0, "calibration": 0, "priority_0": 0.0, "info": {"name": "Hand hygiene", "definition": "A key strategy for slowing the spread for COVID-19. Washing hands with soap and water for at least 20 seconds is one of the most important steps to take to protect against COVID-19 and many other diseases."}, "n_answers": 30, "fav_user_ids": null}, {"id": 985, "created": "2021-04-27T15:42:39.496570", "project_id": 5, "state": "ongoing", "quorum": 0, "calibration": 0, "priority_0": 0.0, "info": {"name": "Harvesting effect", "definition": "a temporary increase in the mortality rate when secondary factors such as underlying health conditions add to the number of victims of an epidemic."}, "n_answers": 30, "fav_user_ids": null}, {"id": 986, "created": "2021-04-27T15:42:39.508343", "project_id": 5, "state": "ongoing", "quorum": 0, "calibration": 0, "priority_0": 0.0, "info": {"name": "Health screening", "definition": "a health screening is an effective way to detect a specific disease or condition early, even when there have been no symptoms or signs of the disease They are an important step in determining if you might be ill."}, "n_answers": 30, "fav_user_ids": null}, {"id": 987, "created": "2021-04-27T15:42:39.519861", "project_id": 5, "state": "ongoing", "quorum": 0, "calibration": 0, "priority_0": 0.0, "info": {"name": "Health-care provider", "definition": "The term \"health care provider\" can refer to a professional or an organization."}, "n_answers": 30, "fav_user_ids": null}, {"id": 988, "created": "2021-04-27T15:42:39.531692", "project_id": 5, "state": "ongoing", "quorum": 0, "calibration": 0, "priority_0": 0.0, "info": {"name": "Herd Immunity", "definition": "A sufficient number of people in the community are collectively developing immunity to any infection. To provide herd immunity, the required immunity rate in the population must be 70-80 percent. If it cannot be vaccinated, the only way to create this immunity is to get the majority of the population to the disease."}, "n_answers": 30, "fav_user_ids": null}, {"id": 989, "created": "2021-04-27T15:42:39.542682", "project_id": 5, "state": "ongoing", "quorum": 0, "calibration": 0, "priority_0": 0.0, "info": {"name": "High risk", "definition": "Some people may get sicker than others because of their age and health. Those considered high-risk include older people or those with certain underlying health conditions. These include blood disorders, chronic kidney disease, chronic liver disease, a compromised immune system, late term or recent pregnancy, endocrine disorders, metabolic disorders, heart disease, lung disease, and neurological conditions."}, "n_answers": 30, "fav_user_ids": null}, {"id": 990, "created": "2021-04-27T15:42:39.554260", "project_id": 5, "state": "ongoing", "quorum": 0, "calibration": 0, "priority_0": 0.0, "info": {"name": "Home isolation", "definition": "Persons with COVID-19 who have symptoms or laboratory-confirmed COVID-19 who have been directed to stay at home until they are recovered."}, "n_answers": 30, "fav_user_ids": null}, {"id": 991, "created": "2021-04-27T15:42:39.565761", "project_id": 5, "state": "ongoing", "quorum": 0, "calibration": 0, "priority_0": 0.0, "info": {"name": "Host cell", "definition": "A living cell invaded by or capable of being invaded by an infectious agent (such as a bacterium or a virus)."}, "n_answers": 30, "fav_user_ids": null}, {"id": 992, "created": "2021-04-27T15:42:39.580813", "project_id": 5, "state": "ongoing", "quorum": 0, "calibration": 0, "priority_0": 0.0, "info": {"name": "Hot zone", "definition": "The exclusion zone (or hot zone) is the area with actual or potential contamination and the highest potential for exposure to hazardous substances."}, "n_answers": 30, "fav_user_ids": null}, {"id": 993, "created": "2021-04-27T15:42:39.592254", "project_id": 5, "state": "ongoing", "quorum": 0, "calibration": 0, "priority_0": 0.0, "info": {"name": "Hydroxychloroquine (HCQ)", "definition": "sold under the brand name Plaquenil among others, is a medication used to prevent and treat malaria in areas where malaria remains sensitive to chloroquine. It is taken by mouth. It is also being studied as a treatment for coronavirus disease 2019 (COVID-19)."}, "n_answers": 30, "fav_user_ids": null}, {"id": 994, "created": "2021-04-27T15:42:40.056899", "project_id": 5, "state": "ongoing", "quorum": 0, "calibration": 0, "priority_0": 0.0, "info": {"name": "Immune surveillance", "definition": "the process of monitoring the immune system's activities, which may include the detection and destruction of foreign substances, cells or tissues."}, "n_answers": 30, "fav_user_ids": null}, {"id": 995, "created": "2021-04-27T15:42:40.069198", "project_id": 5, "state": "ongoing", "quorum": 0, "calibration": 0, "priority_0": 0.0, "info": {"name": "Immune System", "definition": "It is a complex system that forms the defense mechanism against diseases in a living being, recognizes and destroys pathogens and tumor cells, protects the body from foreign and harmful substances. In short, it is a defense shield that protects the body against diseases."}, "n_answers": 30, "fav_user_ids": null}, {"id": 996, "created": "2021-04-27T15:42:40.080792", "project_id": 5, "state": "ongoing", "quorum": 0, "calibration": 0, "priority_0": 0.0, "info": {"name": "Immunity", "definition": "Your body's ability to resist or fight off an infection. Your immune system is a network of cells throughout your body that help you avoid getting infected and help you get better when you are infected."}, "n_answers": 30, "fav_user_ids": null}, {"id": 997, "created": "2021-04-27T15:42:40.092339", "project_id": 5, "state": "ongoing", "quorum": 0, "calibration": 0, "priority_0": 0.0, "info": {"name": "Immunocompromised", "definition": "Also called immune-compromised or immunodeficient. This describes someone who has an immune system that can't resist or fight off infections as well as most people. This can be caused by several illnesses. Some treatments for illnesses can also cause someone to be immunocompromised."}, "n_answers": 30, "fav_user_ids": null}, {"id": 998, "created": "2021-04-27T15:42:40.103936", "project_id": 5, "state": "ongoing", "quorum": 0, "calibration": 0, "priority_0": 0.0, "info": {"name": "Immunosuppressed", "definition": "an individual who experiences reduced efficacy of the immune system as a result of health conditions not related to COVID-19 disease. People who are immunosuppressed are at greater risk for hospitalization and severe sickness from the SARS-CoV-2 virus."}, "n_answers": 30, "fav_user_ids": null}, {"id": 999, "created": "2021-04-27T15:42:40.115372", "project_id": 5, "state": "ongoing", "quorum": 0, "calibration": 0, "priority_0": 0.0, "info": {"name": "Incubation period", "definition": "The amount of time it may take for symptoms to appear in someone who has become infected with a disease. The incubation period for coronavirus is believed to be between two and 14 days, with symptoms usually appearing after five days."}, "n_answers": 30, "fav_user_ids": null}, {"id": 1000, "created": "2021-04-27T15:42:40.127411", "project_id": 5, "state": "ongoing", "quorum": 0, "calibration": 0, "priority_0": 0.0, "info": {"name": "Index case", "definition": "the first documented case of an infectious disease."}, "n_answers": 30, "fav_user_ids": null}, {"id": 1001, "created": "2021-04-27T15:42:40.138994", "project_id": 5, "state": "ongoing", "quorum": 0, "calibration": 0, "priority_0": 0.0, "info": {"name": "Index patient", "definition": "the first person infected with a disease in an epidemic. Interchangeable with the term \"patient zero.\""}, "n_answers": 30, "fav_user_ids": null}, {"id": 1002, "created": "2021-04-27T15:42:40.150867", "project_id": 5, "state": "ongoing", "quorum": 0, "calibration": 0, "priority_0": 0.0, "info": {"name": "Indirect transmission", "definition": "The transmission of a disease through physical contact with contaminated surfaces, such as door handles or elevator buttons. There is evidence that coronavirus can survive on some hard surfaces for as long as three days."}, "n_answers": 30, "fav_user_ids": null}, {"id": 1003, "created": "2021-04-27T15:42:40.162396", "project_id": 5, "state": "ongoing", "quorum": 0, "calibration": 0, "priority_0": 0.0, "info": {"name": "Infection", "definition": "An infection occurs when a microorganism enters a person's body and causes harm."}, "n_answers": 30, "fav_user_ids": null}, {"id": 1004, "created": "2021-04-27T15:42:40.173949", "project_id": 5, "state": "ongoing", "quorum": 0, "calibration": 0, "priority_0": 0.0, "info": {"name": "Infectious disease", "definition": "A disorder caused by microorganisms, such as bacteria and viruses, not normally found in the human body. Infectious diseases can be transmitted directly or indirectly to people by other people, insects, animals and contaminated food, water or other substances."}, "n_answers": 30, "fav_user_ids": null}, {"id": 1005, "created": "2021-04-27T15:42:40.185728", "project_id": 5, "state": "ongoing", "quorum": 0, "calibration": 0, "priority_0": 0.0, "info": {"name": "Infodemic", "definition": "an excessive amount of information about a problem, which is sometimes incorrect and can have a negative effect on finding a solution."}, "n_answers": 30, "fav_user_ids": null}, {"id": 1006, "created": "2021-04-27T15:42:40.207912", "project_id": 5, "state": "ongoing", "quorum": 0, "calibration": 0, "priority_0": 0.0, "info": {"name": "Intubation", "definition": "A procedure that's used when you can't breathe on your own. Your doctor puts a tube down your throat and into your windpipe to make it easier to get air into and out of your lungs. A machine called a ventilator pumps in air with extra oxygen. Then it helps you breathe out air that's full of carbon dioxide (CO2)."}, "n_answers": 30, "fav_user_ids": null}, {"id": 1007, "created": "2021-04-27T15:42:40.229099", "project_id": 5, "state": "ongoing", "quorum": 0, "calibration": 0, "priority_0": 0.0, "info": {"name": "Isolation", "definition": "The practice of keeping someone who is determined to have a contagious disease apart from people other than care providers, as in a hospital isolation ward."}, "n_answers": 30, "fav_user_ids": null}, {"id": 1008, "created": "2021-04-27T15:42:40.240763", "project_id": 5, "state": "ongoing", "quorum": 0, "calibration": 0, "priority_0": 0.0, "info": {"name": "Isolation gown", "definition": "A gown used to protect a non-infected person against contact with microorganisms and body fluids when patients are in isolation. In the context of the COVID-19 pandemic, the gown is worn by healthcare workers. When patients are in isolation in the hospital and visits are allowed, visitors must wear the necessary personal protective equipment, including the isolation gown."}, "n_answers": 30, "fav_user_ids": null}, {"id": 1009, "created": "2021-04-27T15:42:40.252327", "project_id": 5, "state": "ongoing", "quorum": 0, "calibration": 0, "priority_0": 0.0, "info": {"name": "Isopropyl Alcohol", "definition": "Isopropyl alcohol, also known as isopropanol; clear, the mixture of ethanol and acetone has an odor; It is a type of alcohol that can be used in household and industrial areas, has a cleaning and stain removing a feature."}, "n_answers": 30, "fav_user_ids": null}, {"id": 1010, "created": "2021-04-27T15:42:40.264219", "project_id": 5, "state": "ongoing", "quorum": 0, "calibration": 0, "priority_0": 0.0, "info": {"name": "Laboratory Confirmed COVID-19 Case", "definition": "individuals with at least one respiratory specimen that tested positive for the virus that causes COVID-19 at a laboratory."}, "n_answers": 30, "fav_user_ids": null}, {"id": 1011, "created": "2021-04-27T15:42:40.276107", "project_id": 5, "state": "ongoing", "quorum": 0, "calibration": 0, "priority_0": 0.0, "info": {"name": "Local transmission", "definition": "The transmission of an infectious disease among a group of people that is linked to contact with a person returning from a known area of infection or with a person known to be infected."}, "n_answers": 30, "fav_user_ids": null}, {"id": 1012, "created": "2021-04-27T15:42:40.287940", "project_id": 5, "state": "ongoing", "quorum": 0, "calibration": 0, "priority_0": 0.0, "info": {"name": "Lockdown", "definition": "an emergency measure in which individuals are restricted from certain areas in an attempt to control exposure or transmission of disease. In a lockdown during an epidemic, individuals are encouraged to stay home."}, "n_answers": 30, "fav_user_ids": null}, {"id": 1013, "created": "2021-04-27T15:42:40.299716", "project_id": 5, "state": "ongoing", "quorum": 0, "calibration": 0, "priority_0": 0.0, "info": {"name": "Lockdown lifting", "definition": "The process of removing restrictions to movements and gatherings that were imposed on a population for public health or safety reasons."}, "n_answers": 30, "fav_user_ids": null}, {"id": 1014, "created": "2021-04-27T15:42:40.311276", "project_id": 5, "state": "ongoing", "quorum": 0, "calibration": 0, "priority_0": 0.0, "info": {"name": "Medical response", "definition": "As the public does its part to help stop the spread of disease, health care workers on the front lines are caring for an increasing number of patients with COVID-19."}, "n_answers": 30, "fav_user_ids": null}, {"id": 1015, "created": "2021-04-27T15:42:40.322855", "project_id": 5, "state": "ongoing", "quorum": 0, "calibration": 0, "priority_0": 0.0, "info": {"name": "MERS", "definition": "Another type of coronavirus, transmitted from camels. MERS is more deadly than COVID-19. It causes noticeable symptoms in most people, so it's easier to track the virus."}, "n_answers": 30, "fav_user_ids": null}, {"id": 1016, "created": "2021-04-27T15:42:40.334311", "project_id": 5, "state": "ongoing", "quorum": 0, "calibration": 0, "priority_0": 0.0, "info": {"name": "Microorganisms", "definition": "They are small and single-celled creatures that are too small to be seen with the naked eye. Bacteria, yeasts, molds, algae, and protozoa are basic microorganisms. Mushrooms, mosses, lichens are also microorganisms, but they look like normal plants because they have differentiated cells and/or merged cells."}, "n_answers": 30, "fav_user_ids": null}, {"id": 1017, "created": "2021-04-27T15:42:40.345693", "project_id": 5, "state": "ongoing", "quorum": 0, "calibration": 0, "priority_0": 0.0, "info": {"name": "Middle East Respiratory Syndrome", "definition": "Another type of coronavirus, transmitted from camels. MERS is more deadly than COVID-19. It causes noticeable symptoms in most people, so it's easier to track the virus."}, "n_answers": 30, "fav_user_ids": null}, {"id": 1018, "created": "2021-04-27T15:42:40.357247", "project_id": 5, "state": "ongoing", "quorum": 0, "calibration": 0, "priority_0": 0.0, "info": {"name": "Mitigation Strategies", "definition": "Community actions, such as social distancing, that are designed to help keep people healthy, reduce exposures to COVID-19, and slow the spread of the disease (WA DOH)."}, "n_answers": 30, "fav_user_ids": null}, {"id": 1019, "created": "2021-04-27T15:42:40.368452", "project_id": 5, "state": "ongoing", "quorum": 0, "calibration": 0, "priority_0": 0.0, "info": {"name": "Monitoring", "definition": "When an individual checks his/her temperature twice per day and watches for symptoms of COVID-19."}, "n_answers": 30, "fav_user_ids": null}, {"id": 1020, "created": "2021-04-27T15:42:40.379675", "project_id": 5, "state": "ongoing", "quorum": 0, "calibration": 0, "priority_0": 0.0, "info": {"name": "Morbidity rate", "definition": "The number of people who will get sick from a particular cause in a particular population over a certain period of time. To calculate the morbidity rate you would divide the number of sick people in a population by the number of healthy people."}, "n_answers": 30, "fav_user_ids": null}, {"id": 1021, "created": "2021-04-27T15:42:40.390859", "project_id": 5, "state": "ongoing", "quorum": 0, "calibration": 0, "priority_0": 0.0, "info": {"name": "Mortality", "definition": "Refers to the state of being mortal (destined to die). In medicine, a term also used for death rate, or the number of deaths in a certain group of people in a certain period of time. Mortality may be reported for people who have a certain disease, live in one area of the country, or who are of a certain gender, age, or ethnic group."}, "n_answers": 30, "fav_user_ids": null}, {"id": 1022, "created": "2021-04-27T15:42:40.402061", "project_id": 5, "state": "ongoing", "quorum": 0, "calibration": 0, "priority_0": 0.0, "info": {"name": "Mortality rate", "definition": "The number of deaths caused by a disease divided by the number of confirmed cases."}, "n_answers": 30, "fav_user_ids": null}, {"id": 1023, "created": "2021-04-27T15:42:40.413280", "project_id": 5, "state": "ongoing", "quorum": 0, "calibration": 0, "priority_0": 0.0, "info": {"name": "N95 respirator", "definition": "Sometimes referred to as an \"N95 mask,\" this PPE is worn on providers' faces, forming a tight seal around the nose and mouth. Though it looks like a surgical mask, an N95 is actually a respirator that filters out at least 95% of particles in the air. The CDC does not recommend N95 respirators for public use."}, "n_answers": 30, "fav_user_ids": null}, {"id": 1024, "created": "2021-04-27T15:42:40.425614", "project_id": 5, "state": "ongoing", "quorum": 0, "calibration": 0, "priority_0": 0.0, "info": {"name": "National emergency", "definition": "a state of emergency resulting from the global threat of the pandemic. On March 13, 2020, President Trump issued a national emergency concerning the COVID-19 outbreak, which allowed for loosened restrictions on tele-health as well as certain requirements for hospitals and health care providers to allow them to respond to the crisis."}, "n_answers": 30, "fav_user_ids": null}, {"id": 1025, "created": "2021-04-27T15:42:40.437634", "project_id": 5, "state": "ongoing", "quorum": 0, "calibration": 0, "priority_0": 0.0, "info": {"name": "Negative-pressure rooms", "definition": "Rooms specifically designed for patients with contagious diseases that contain any circulating air in the room and prevent it from being released into any other part of the hospital."}, "n_answers": 30, "fav_user_ids": null}, {"id": 1026, "created": "2021-04-27T15:42:40.449153", "project_id": 5, "state": "ongoing", "quorum": 0, "calibration": 0, "priority_0": 0.0, "info": {"name": "Non Pharmaceutical Interventions", "definition": "Also known as community mitigation strategies, i.e. actions, apart from getting vaccinated and taking medicine, that people and communities can take to help slow the spread of illnesses."}, "n_answers": 30, "fav_user_ids": null}, {"id": 1027, "created": "2021-04-27T15:42:40.460665", "project_id": 5, "state": "ongoing", "quorum": 0, "calibration": 0, "priority_0": 0.0, "info": {"name": "Novel Coronavirus", "definition": "A novel coronavirus is a new coronavirus that has not been previously identified. The virus causing coronavirus disease 2019 (COVID-19), is not the same as the coronaviruses that commonly circulate among humans and cause mild illness, like the common cold."}, "n_answers": 30, "fav_user_ids": null}, {"id": 1028, "created": "2021-04-27T15:42:40.472340", "project_id": 5, "state": "ongoing", "quorum": 0, "calibration": 0, "priority_0": 0.0, "info": {"name": "NPIs", "definition": "Also known as Nonpharmaceutical interventions. They are community mitigation strategies, i.e. actions, apart from getting vaccinated and taking medicine, that people and communities can take to help slow the spread of illnesses."}, "n_answers": 30, "fav_user_ids": null}, {"id": 1029, "created": "2021-04-27T15:42:40.843221", "project_id": 5, "state": "ongoing", "quorum": 0, "calibration": 0, "priority_0": 0.0, "info": {"name": "Outbreak", "definition": "A sudden increase in the number of cases of a particular disease in a relatively small geographical area."}, "n_answers": 30, "fav_user_ids": null}, {"id": 1030, "created": "2021-04-27T15:42:41.060899", "project_id": 5, "state": "ongoing", "quorum": 0, "calibration": 0, "priority_0": 0.0, "info": {"name": "Pancession", "definition": "a pandemic-associated widespread economic recession."}, "n_answers": 30, "fav_user_ids": null}, {"id": 1031, "created": "2021-04-27T15:42:41.072356", "project_id": 5, "state": "ongoing", "quorum": 0, "calibration": 0, "priority_0": 0.0, "info": {"name": "Pandemic", "definition": "The worldwide spread of a disease that affects large numbers of people."}, "n_answers": 30, "fav_user_ids": null}, {"id": 1032, "created": "2021-04-27T15:42:41.617976", "project_id": 5, "state": "ongoing", "quorum": 0, "calibration": 0, "priority_0": 0.0, "info": {"name": "PAPR", "definition": "Stands for Powered Air-Purifying Respirator. They are the full-body suits and helmets that healthcare workers wear to treat people quarantined with infectious diseases."}, "n_answers": 30, "fav_user_ids": null}, {"id": 1033, "created": "2021-04-27T15:42:41.629717", "project_id": 5, "state": "ongoing", "quorum": 0, "calibration": 0, "priority_0": 0.0, "info": {"name": "Pathogen", "definition": "All kinds of organisms and substances that cause disease. This term is mostly used for structures that impair the functioning and cell integrity of multicellular organisms; however, there are also pathogens that affect single cells."}, "n_answers": 30, "fav_user_ids": null}, {"id": 1034, "created": "2021-04-27T15:42:41.641287", "project_id": 5, "state": "ongoing", "quorum": 0, "calibration": 0, "priority_0": 0.0, "info": {"name": "Patient zero", "definition": "the first individual infected with a disease during an epidemic."}, "n_answers": 30, "fav_user_ids": null}, {"id": 1035, "created": "2021-04-27T15:42:41.652895", "project_id": 5, "state": "ongoing", "quorum": 0, "calibration": 0, "priority_0": 0.0, "info": {"name": "PCR Test", "definition": "PCR (molecular) tests look for the genetic material of the virus itself in the nose, throat, or other areas in the respiratory tract to determine if there is an active infection with SARS- CoV-2."}, "n_answers": 30, "fav_user_ids": null}, {"id": 1036, "created": "2021-04-27T15:42:41.664525", "project_id": 5, "state": "ongoing", "quorum": 0, "calibration": 0, "priority_0": 0.0, "info": {"name": "Peak point", "definition": "has the meanings of reaching the summit, the highest limit, the record level, the most intense. The \"peak point\" used during the Covid-19 outbreak means the highest number of cases."}, "n_answers": 30, "fav_user_ids": null}, {"id": 1037, "created": "2021-04-27T15:42:41.676293", "project_id": 5, "state": "ongoing", "quorum": 0, "calibration": 0, "priority_0": 0.0, "info": {"name": "Person under investigation", "definition": "A person under investigation (or PUI) refers to a person who had been in close contact with a person with confirmed infection or/and may have been to place where there is an outbreak."}, "n_answers": 30, "fav_user_ids": null}, {"id": 1038, "created": "2021-04-27T15:42:41.688243", "project_id": 5, "state": "ongoing", "quorum": 0, "calibration": 0, "priority_0": 0.0, "info": {"name": "Person under monitoring", "definition": "A person under monitoring (or PUM) is monitored until they've gone a period of time without developing symptoms."}, "n_answers": 30, "fav_user_ids": null}, {"id": 1039, "created": "2021-04-27T15:42:41.700093", "project_id": 5, "state": "ongoing", "quorum": 0, "calibration": 0, "priority_0": 0.0, "info": {"name": "Person-to-person transmission", "definition": "When a virus is spread between people, including physical contact or coughing and sneezing. This is in contrast to when a virus is spread via animals or through contaminated objects or surfaces."}, "n_answers": 30, "fav_user_ids": null}, {"id": 1040, "created": "2021-04-27T15:42:41.711449", "project_id": 5, "state": "ongoing", "quorum": 0, "calibration": 0, "priority_0": 0.0, "info": {"name": "Personal Protective Equipment", "definition": "Personal protective equipment (PPE) is specialized clothing or gear used to prevent contact with infectious or hazardous materials.This includes masks, face shields, gloves, gowns and other coverings that healthcare workers use to prevent the spread of infection to themselves and other patients."}, "n_answers": 30, "fav_user_ids": null}, {"id": 1041, "created": "2021-04-27T15:42:41.743681", "project_id": 5, "state": "ongoing", "quorum": 0, "calibration": 0, "priority_0": 0.0, "info": {"name": "Physical distancing", "definition": "The practice of maintaining greater space between oneself and others and/or avoiding direct contact with other people."}, "n_answers": 30, "fav_user_ids": null}, {"id": 1042, "created": "2021-04-27T15:42:41.754827", "project_id": 5, "state": "ongoing", "quorum": 0, "calibration": 0, "priority_0": 0.0, "info": {"name": "Plasma treatment", "definition": "It is a method to be applied by transplanting antibodies against this virus in the blood of people who have recovered from Covid-19, especially those who are struggling with the disease and especially in severe situations."}, "n_answers": 30, "fav_user_ids": null}, {"id": 1043, "created": "2021-04-27T15:42:41.766322", "project_id": 5, "state": "ongoing", "quorum": 0, "calibration": 0, "priority_0": 0.0, "info": {"name": "Pneumonia", "definition": "An infection in one or both lungs. Bacteria, viruses, and fungi cause it. The infection causes inflammation in the air sacs in your lungs, which are called alveoli. The alveoli fill with fluid or pus, making it difficult to breathe."}, "n_answers": 30, "fav_user_ids": null}, {"id": 1044, "created": "2021-04-27T15:42:41.777694", "project_id": 5, "state": "ongoing", "quorum": 0, "calibration": 0, "priority_0": 0.0, "info": {"name": "Portal of entry", "definition": "The anatomic site at which an infectious agent enters a host's body.For example, the mucous membranes of the nose or mouth and skin lesions can be portals of entry."}, "n_answers": 30, "fav_user_ids": null}, {"id": 1045, "created": "2021-04-27T15:42:41.789128", "project_id": 5, "state": "ongoing", "quorum": 0, "calibration": 0, "priority_0": 0.0, "info": {"name": "Portal of exit", "definition": "The means used by an infectious agent to leave a host's body.For example, respiratory droplets, feces, urine or blood can be portals of exit."}, "n_answers": 30, "fav_user_ids": null}, {"id": 1046, "created": "2021-04-27T15:42:41.800473", "project_id": 5, "state": "ongoing", "quorum": 0, "calibration": 0, "priority_0": 0.0, "info": {"name": "Powered Air-Purifying Respirator", "definition": "They are the full-body suits and helmets that healthcare workers wear to treat people quarantined with infectious diseases."}, "n_answers": 30, "fav_user_ids": null}, {"id": 1047, "created": "2021-04-27T15:42:41.811758", "project_id": 5, "state": "ongoing", "quorum": 0, "calibration": 0, "priority_0": 0.0, "info": {"name": "PPE", "definition": "Personal protective equipment (PPE) is specialized clothing or gear used to prevent contact with infectious or hazardous materials.This includes masks, face shields, gloves, gowns and other coverings that healthcare workers use to prevent the spread of infection to themselves and other patients."}, "n_answers": 30, "fav_user_ids": null}, {"id": 1048, "created": "2021-04-27T15:42:41.822952", "project_id": 5, "state": "ongoing", "quorum": 0, "calibration": 0, "priority_0": 0.0, "info": {"name": "Pre-existing conditions", "definition": "Pre-existing conditions are health conditions someone already has that could make a coronavirus infection worse. Lung disease, asthma and heart disease are pre-existing conditions"}, "n_answers": 30, "fav_user_ids": null}, {"id": 1049, "created": "2021-04-27T15:42:41.834188", "project_id": 5, "state": "ongoing", "quorum": 0, "calibration": 0, "priority_0": 0.0, "info": {"name": "Pre-symptomatic", "definition": "When an individual has COVID-19 and is infectious, but does not yet show symptoms."}, "n_answers": 30, "fav_user_ids": null}, {"id": 1050, "created": "2021-04-27T15:42:41.845506", "project_id": 5, "state": "ongoing", "quorum": 0, "calibration": 0, "priority_0": 0.0, "info": {"name": "Presumptive positive case", "definition": "an individual who has tested positive for COVID-19 by a local public health lab, but whose results are awaiting confirmation from the CDC."}, "n_answers": 30, "fav_user_ids": null}, {"id": 1051, "created": "2021-04-27T15:42:41.856810", "project_id": 5, "state": "ongoing", "quorum": 0, "calibration": 0, "priority_0": 0.0, "info": {"name": "Prevention", "definition": "The Center for Disease Control and Prevention(CDC) always recommends everyday preventive actions to help prevent the spread of respiratory diseases,including: Avoid contact with people who are sick. Stay home when you are sick. Cover your cough or sneeze with a tissue, then throw the tissue in the trash.Wash your hands often with soap and water for at least 20 seconds. If soap and water are not available, use an alcohol-based hand sanitizer with at least 60% alcohol."}, "n_answers": 30, "fav_user_ids": null}, {"id": 1052, "created": "2021-04-27T15:42:41.868075", "project_id": 5, "state": "ongoing", "quorum": 0, "calibration": 0, "priority_0": 0.0, "info": {"name": "Primary case", "definition": "The first case of an infectious disease that occurs in a population.The primary case can be the index case. As such, these terms are sometimes used interchangeably in non-technical texts."}, "n_answers": 30, "fav_user_ids": null}, {"id": 1053, "created": "2021-04-27T15:42:41.879182", "project_id": 5, "state": "ongoing", "quorum": 0, "calibration": 0, "priority_0": 0.0, "info": {"name": "Probable case", "definition": "A person showing convincing signs and symptoms of a disease but whose condition is not confirmed by a laboratory method."}, "n_answers": 30, "fav_user_ids": null}, {"id": 1054, "created": "2021-04-27T15:42:41.890844", "project_id": 5, "state": "ongoing", "quorum": 0, "calibration": 0, "priority_0": 0.0, "info": {"name": "Proning", "definition": "requiring intensive care patients to lie on their front to reduce their need for oxygen."}, "n_answers": 30, "fav_user_ids": null}, {"id": 1055, "created": "2021-04-27T15:42:41.902560", "project_id": 5, "state": "ongoing", "quorum": 0, "calibration": 0, "priority_0": 0.0, "info": {"name": "Public Health", "definition": "The field of science that deals with the protection of the health of individuals."}, "n_answers": 30, "fav_user_ids": null}, {"id": 1056, "created": "2021-04-27T15:42:41.913710", "project_id": 5, "state": "ongoing", "quorum": 0, "calibration": 0, "priority_0": 0.0, "info": {"name": "Public Health Emergency", "definition": "As defined by CNN, a public health emergency is an official designation made by a government body. In the U.S., a public health emergency is determined by the Secretary of the Department of Health and Human Services."}, "n_answers": 30, "fav_user_ids": null}, {"id": 1057, "created": "2021-04-27T15:42:41.924854", "project_id": 5, "state": "ongoing", "quorum": 0, "calibration": 0, "priority_0": 0.0, "info": {"name": "PUI", "definition": "When a health provider suspects a person has the coronavirus. But, no test has confirmed the infection."}, "n_answers": 30, "fav_user_ids": null}, {"id": 1058, "created": "2021-04-27T15:42:41.936118", "project_id": 5, "state": "ongoing", "quorum": 0, "calibration": 0, "priority_0": 0.0, "info": {"name": "PUM", "definition": "An individual who does not have COVID-19 symptoms but has been in contact with someone who is presumed or confirmed to have the virus. A PUM is monitored until they've gone a period of time without developing symptoms."}, "n_answers": 30, "fav_user_ids": null}, {"id": 1059, "created": "2021-04-27T15:42:41.947527", "project_id": 5, "state": "ongoing", "quorum": 0, "calibration": 0, "priority_0": 0.0, "info": {"name": "Quarantine", "definition": "The practice of confining apparently healthy people who may have been exposed to an infectious disease to see whether they become ill. The length of a quarantine depends on the incubation period of the disease."}, "n_answers": 30, "fav_user_ids": null}, {"id": 1060, "created": "2021-04-27T15:42:41.959349", "project_id": 5, "state": "ongoing", "quorum": 0, "calibration": 0, "priority_0": 0.0, "info": {"name": "Quinine", "definition": "Is a medication used to treat malaria and babesiosis. This includes the treatment of malaria due to Plasmodium falciparum that is resistant to chloroquine when artesunate is not available."}, "n_answers": 30, "fav_user_ids": null}, {"id": 1061, "created": "2021-04-27T15:42:41.970745", "project_id": 5, "state": "ongoing", "quorum": 0, "calibration": 0, "priority_0": 0.0, "info": {"name": "R0 / reproductive rate", "definition": "An epidemiologic metric used to describe the contagiousness or transmissibility of infectious agents, which is usually estimated with complex mathematical models developed using various sets of assumptions. It is an estimate of the average number of new cases of a disease that each case generates, at a given point in time."}, "n_answers": 30, "fav_user_ids": null}, {"id": 1062, "created": "2021-04-27T15:42:41.982197", "project_id": 5, "state": "ongoing", "quorum": 0, "calibration": 0, "priority_0": 0.0, "info": {"name": "Red zone", "definition": "a geographical area or location classified as having the highest levels of infected individuals and which should be placed under quarantine."}, "n_answers": 30, "fav_user_ids": null}, {"id": 1063, "created": "2021-04-27T15:42:41.993776", "project_id": 5, "state": "ongoing", "quorum": 0, "calibration": 0, "priority_0": 0.0, "info": {"name": "Resilience", "definition": "According to the CDC, resilience is the ability to withstand and recover from stress."}, "n_answers": 30, "fav_user_ids": null}, {"id": 1064, "created": "2021-04-27T15:42:42.005167", "project_id": 5, "state": "ongoing", "quorum": 0, "calibration": 0, "priority_0": 0.0, "info": {"name": "Respirator", "definition": "a device designed to protect individuals from inhaling something hazardous in the air, in this case, particulate that may be contaminated with the SARS-CoV-2 virus."}, "n_answers": 30, "fav_user_ids": null}, {"id": 1065, "created": "2021-04-27T15:42:42.016403", "project_id": 5, "state": "ongoing", "quorum": 0, "calibration": 0, "priority_0": 0.0, "info": {"name": "Respiratory disease", "definition": "A disease that affects the lungs and other parts of the body involved with breathing. Coronavirus is a respiratory disease."}, "n_answers": 30, "fav_user_ids": null}, {"id": 1066, "created": "2021-04-27T15:42:42.027726", "project_id": 5, "state": "ongoing", "quorum": 0, "calibration": 0, "priority_0": 0.0, "info": {"name": "SARS", "definition": "SARS or Severe acute respiratory syndrome first infected humans in 2002 and reached epidemic proportions before it was contained there have been no outbreaks since 2003. SARS causes fever, headache, body aches, a dry cough, hypoxia (oxygen deficiency), and usually pneumonia. SARS and SARS CoV-2 are related genetically, but the diseases they cause are different."}, "n_answers": 30, "fav_user_ids": null}, {"id": 1067, "created": "2021-04-27T15:42:42.039005", "project_id": 5, "state": "ongoing", "quorum": 0, "calibration": 0, "priority_0": 0.0, "info": {"name": "SARS-CoV-2", "definition": "The name of the virus that causes coronavirus disease (COVID-19). As the name indicates, the virus is related to the SARS-associated coronavirus (SARS-CoV) that caused an outbreak of severe acute respiratory syndrome (SARS) in 2002-2003, however it is not the same virus (WA DOH)."}, "n_answers": 30, "fav_user_ids": null}, {"id": 1068, "created": "2021-04-27T15:42:42.050328", "project_id": 5, "state": "ongoing", "quorum": 0, "calibration": 0, "priority_0": 0.0, "info": {"name": "Screening", "definition": "A basic series of questions posed by medical personnel to determine if someone should be tested for a particular disease or condition. In the case of coronavirus, screening may include taking your temperature, and questions about possible exposure to someone with confirmed or suspected COVID-19."}, "n_answers": 30, "fav_user_ids": null}, {"id": 1069, "created": "2021-04-27T15:42:42.061837", "project_id": 5, "state": "ongoing", "quorum": 0, "calibration": 0, "priority_0": 0.0, "info": {"name": "Second wave", "definition": "a resurgence in the number of cases of infection following the relaxation of initial containment procedures."}, "n_answers": 30, "fav_user_ids": null}, {"id": 1070, "created": "2021-04-27T15:42:42.073490", "project_id": 5, "state": "ongoing", "quorum": 0, "calibration": 0, "priority_0": 0.0, "info": {"name": "Secondary case", "definition": "A person who gets a disease from contact with the primary case."}, "n_answers": 30, "fav_user_ids": null}, {"id": 1071, "created": "2021-04-27T15:42:42.085455", "project_id": 5, "state": "ongoing", "quorum": 0, "calibration": 0, "priority_0": 0.0, "info": {"name": "Self-isolation", "definition": "The practice of separating someone who is sick from healthy individuals to prevent the spread of disease. Strategies include confining oneself to a single room/bathroom during the recovery period and not going out in public until the danger of transmission has passed."}, "n_answers": 30, "fav_user_ids": null}, {"id": 1072, "created": "2021-04-27T15:42:42.097073", "project_id": 5, "state": "ongoing", "quorum": 0, "calibration": 0, "priority_0": 0.0, "info": {"name": "Self-monitoring", "definition": "This simply means checking yourself for COVID-19 symptoms, including fever, cough, or difficulty breathing. If you notice symptoms, you should self-isolate and seek advice by telephone from a health care provider or local health department to determine whether you need a medical evaluation."}, "n_answers": 30, "fav_user_ids": null}, {"id": 1073, "created": "2021-04-27T15:42:42.109135", "project_id": 5, "state": "ongoing", "quorum": 0, "calibration": 0, "priority_0": 0.0, "info": {"name": "Self-quarantine", "definition": "The practice of isolating yourself from others until it is considered safe to return to public life. In the case of COVID-19, people who suspect they might have been exposed to the virus should self-quarantine for 14 days."}, "n_answers": 30, "fav_user_ids": null}, {"id": 1074, "created": "2021-04-27T15:42:42.121052", "project_id": 5, "state": "ongoing", "quorum": 0, "calibration": 0, "priority_0": 0.0, "info": {"name": "Sepsis", "definition": "is a potentially life-threatening condition caused by the body's response to an infection. The body normally releases chemicals into the bloodstream to fight infection. Sepsis occurs when the body's response to these chemicals is out of balance, triggering changes that can damage multiple organ systems."}, "n_answers": 30, "fav_user_ids": null}, {"id": 1075, "created": "2021-04-27T15:42:42.132657", "project_id": 5, "state": "ongoing", "quorum": 0, "calibration": 0, "priority_0": 0.0, "info": {"name": "Serology Testing", "definition": "It is a frequent medical blood test when a disease is suspected, such as infection and blood-borne hepatitis. The purpose of the serology testing is to find out whether the body produces antibodies against a number of microorganisms (microbes) such as virus bacteria and parasites. It is frequently preferred in terms of easy application and results in a short time."}, "n_answers": 30, "fav_user_ids": null}, {"id": 1076, "created": "2021-04-27T15:42:42.144672", "project_id": 5, "state": "ongoing", "quorum": 0, "calibration": 0, "priority_0": 0.0, "info": {"name": "Severe acute respiratory syndrome", "definition": "SARS or Severe acute respiratory syndrome first infected humans in 2002 and reached epidemic proportions before it was contained there have been no outbreaks since 2003. SARS causes fever, headache, body aches, a dry cough, hypoxia (oxygen deficiency), and usually pneumonia. SARS and SARS CoV-2 are related genetically, but the diseases they cause are different."}, "n_answers": 30, "fav_user_ids": null}, {"id": 1077, "created": "2021-04-27T15:42:42.156670", "project_id": 5, "state": "ongoing", "quorum": 0, "calibration": 0, "priority_0": 0.0, "info": {"name": "Shelter-in-place order", "definition": "This is a decree, usually from a government official, for people to stay in their homes with exceptions that include going out for essential needs, such as groceries, as well as outdoor activities like walking and biking in public spaces. People who work in critical services, like health care or law enforcement, or essential businesses, are usually excluded from these mandates."}, "n_answers": 30, "fav_user_ids": null}, {"id": 1078, "created": "2021-04-27T15:42:42.168649", "project_id": 5, "state": "ongoing", "quorum": 0, "calibration": 0, "priority_0": 0.0, "info": {"name": "Social distancing", "definition": "Also called physical distancing. It means putting space between yourself and other people at all times. The CDC recommends keeping at least six feet between you and others around you in public. Social distancing also includes avoiding crowds and groups in public."}, "n_answers": 30, "fav_user_ids": null}, {"id": 1079, "created": "2021-04-27T15:42:42.180809", "project_id": 5, "state": "ongoing", "quorum": 0, "calibration": 0, "priority_0": 0.0, "info": {"name": "Spanish flu", "definition": "also known as the 1918 influenza pandemic, this was the most severe pandemic in recent history according to the Centers for Disease Control and Prevention, with an estimated 500 million infections and 50 million deaths worldwide."}, "n_answers": 30, "fav_user_ids": null}, {"id": 1080, "created": "2021-04-27T15:42:42.192584", "project_id": 5, "state": "ongoing", "quorum": 0, "calibration": 0, "priority_0": 0.0, "info": {"name": "Spread of disease", "definition": "When a disease and the virus that causes it begins to spread, epidemiologists (who are considered the basic scientists of public health) take notice, looking for the frequency, patterns, and causes associated with it. Below are definitions of a few of those epidemiological terms that you may hear or see reported in the news, especially as they relate to COVID-19."}, "n_answers": 30, "fav_user_ids": null}, {"id": 1081, "created": "2021-04-27T15:42:42.204200", "project_id": 5, "state": "ongoing", "quorum": 0, "calibration": 0, "priority_0": 0.0, "info": {"name": "State of emergency", "definition": "A legal designation that allows civic leaders to request and obtain certain types of financial aid from the government, and take certain actions to protect the public."}, "n_answers": 30, "fav_user_ids": null}, {"id": 1082, "created": "2021-04-27T15:42:42.215871", "project_id": 5, "state": "ongoing", "quorum": 0, "calibration": 0, "priority_0": 0.0, "info": {"name": "Stay-at-home order", "definition": "This is a government order. People are told to stay home. Staying apart helps to stop people from giving the disease to each other. People can go out to do some things, but they should wear a mask and stay at least 6 feet away from other people."}, "n_answers": 30, "fav_user_ids": null}, {"id": 1083, "created": "2021-04-27T15:42:42.227267", "project_id": 5, "state": "ongoing", "quorum": 0, "calibration": 0, "priority_0": 0.0, "info": {"name": "Super-spreader", "definition": "One person who, for unknown reasons, can infect an unusually large number of people. Infectious disease specialists say it is common for super-spreaders to play a large role in the transmission of viruses. In what's known as the 80/20 rule, 20% of infected patients may drive 80% of transmissions."}, "n_answers": 30, "fav_user_ids": null}, {"id": 1084, "created": "2021-04-27T15:42:42.238684", "project_id": 5, "state": "ongoing", "quorum": 0, "calibration": 0, "priority_0": 0.0, "info": {"name": "Surgical mask", "definition": "A loose-fitting, disposable device that creates a physical barrier between the mouth and nose of the wearer and potential contaminants in the immediate environment."}, "n_answers": 30, "fav_user_ids": null}, {"id": 1085, "created": "2021-04-27T15:42:42.250267", "project_id": 5, "state": "ongoing", "quorum": 0, "calibration": 0, "priority_0": 0.0, "info": {"name": "Surveillance", "definition": "A dynamic process involving the activities of collecting, managing, analyzing and reporting data on events occurring in a particular population."}, "n_answers": 30, "fav_user_ids": null}, {"id": 1086, "created": "2021-04-27T15:42:42.261650", "project_id": 5, "state": "ongoing", "quorum": 0, "calibration": 0, "priority_0": 0.0, "info": {"name": "Susceptible host", "definition": "A person whose immunity against a specific infectious agent is not sufficient to protect them from infection by this agent."}, "n_answers": 30, "fav_user_ids": null}, {"id": 1087, "created": "2021-04-27T15:42:42.273112", "project_id": 5, "state": "ongoing", "quorum": 0, "calibration": 0, "priority_0": 0.0, "info": {"name": "Suspected case", "definition": "A person who may have a disease because of their symptoms and risk factors based on current guidelines, but this person was not tested."}, "n_answers": 30, "fav_user_ids": null}, {"id": 1088, "created": "2021-04-27T15:42:42.284691", "project_id": 5, "state": "ongoing", "quorum": 0, "calibration": 0, "priority_0": 0.0, "info": {"name": "Swab", "definition": "A device used for collecting a specimen consisting of a stick with one end covered in an absorbent material."}, "n_answers": 30, "fav_user_ids": null}, {"id": 1089, "created": "2021-04-27T15:42:42.296680", "project_id": 5, "state": "ongoing", "quorum": 0, "calibration": 0, "priority_0": 0.0, "info": {"name": "Symptomatic", "definition": "Showing symptoms of disease. The most common symptoms of Covid-19 include cough, shortness of breath or difficulty breathing, fever, chills, muscle pain, sore throat, and new loss of taste or smell."}, "n_answers": 30, "fav_user_ids": null}, {"id": 1090, "created": "2021-04-27T15:42:42.308253", "project_id": 5, "state": "ongoing", "quorum": 0, "calibration": 0, "priority_0": 0.0, "info": {"name": "Telemedicine", "definition": "Telemedicine uses technology, such as videoconferencing and remote patient monitoring, to provide real-time health care at a distance and allow doctors and patients to communicate and consult from afar."}, "n_answers": 30, "fav_user_ids": null}, {"id": 1091, "created": "2021-04-27T15:42:42.319652", "project_id": 5, "state": "ongoing", "quorum": 0, "calibration": 0, "priority_0": 0.0, "info": {"name": "Testing", "definition": "The practice of using blood, urine, saliva, mucus or some other bodily fluid to determine if someone either has a specific condition or has been exposed to a particular infectious disease. In the case of COVID-19, patients must first undergo screening to determine if they need to be tested."}, "n_answers": 30, "fav_user_ids": null}, {"id": 1092, "created": "2021-04-27T15:42:42.331146", "project_id": 5, "state": "ongoing", "quorum": 0, "calibration": 0, "priority_0": 0.0, "info": {"name": "Theophylline agents", "definition": "These agents open airways, prevent and relieve airway spasms, and prevent night-time cough and shortness of breath."}, "n_answers": 30, "fav_user_ids": null}, {"id": 1093, "created": "2021-04-27T15:42:42.342669", "project_id": 5, "state": "ongoing", "quorum": 0, "calibration": 0, "priority_0": 0.0, "info": {"name": "TheraPep", "definition": "A small, hand-held device that helps to keep the airways open and prevent the lungs from collapsing."}, "n_answers": 30, "fav_user_ids": null}, {"id": 1094, "created": "2021-04-27T15:42:42.354178", "project_id": 5, "state": "ongoing", "quorum": 0, "calibration": 0, "priority_0": 0.0, "info": {"name": "Total lung capacity test", "definition": "A test that measures the amount of air in the lungs after a person has breathed in as much as possible."}, "n_answers": 30, "fav_user_ids": null}, {"id": 1095, "created": "2021-04-27T15:42:42.365867", "project_id": 5, "state": "ongoing", "quorum": 0, "calibration": 0, "priority_0": 0.0, "info": {"name": "Trace contacts", "definition": "Identify people who may have been exposed to a person having an infectious disease to ensure that they are aware of the possible exposure and to follow up with them."}, "n_answers": 30, "fav_user_ids": null}, {"id": 1096, "created": "2021-04-27T15:42:42.377344", "project_id": 5, "state": "ongoing", "quorum": 0, "calibration": 0, "priority_0": 0.0, "info": {"name": "Tracheostomy", "definition": "A surgical opening made when necessary in the main airway, the trachea."}, "n_answers": 30, "fav_user_ids": null}, {"id": 1097, "created": "2021-04-27T15:42:42.389039", "project_id": 5, "state": "ongoing", "quorum": 0, "calibration": 0, "priority_0": 0.0, "info": {"name": "Transmission rate", "definition": "The number of people who will be infected by any one person with the particular disease."}, "n_answers": 30, "fav_user_ids": null}, {"id": 1098, "created": "2021-04-27T15:42:42.400644", "project_id": 5, "state": "ongoing", "quorum": 0, "calibration": 0, "priority_0": 0.0, "info": {"name": "Travel bubble", "definition": "A zone composed of at least two countries, provinces or territories where a given infectious disease has been contained, within which inhabitants are free to travel and there is no longer a mandatory quarantine period for travellers."}, "n_answers": 30, "fav_user_ids": null}, {"id": 1099, "created": "2021-04-27T15:42:42.412434", "project_id": 5, "state": "ongoing", "quorum": 0, "calibration": 0, "priority_0": 0.0, "info": {"name": "Underlying medical condition", "definition": "An existing health problem that impairs an individual's resistance to another disorder or disease. Among the underlying conditions that increase the risk of contracting a severe case of coronavirus are diabetes, heart disease, respiratory illnesses and immune system disorders."}, "n_answers": 30, "fav_user_ids": null}, {"id": 1100, "created": "2021-04-27T15:42:42.424135", "project_id": 5, "state": "ongoing", "quorum": 0, "calibration": 0, "priority_0": 0.0, "info": {"name": "Vaccine", "definition": "A biological preparation designed to provide immunity against one or several diseases by stimulating the production of antibodies in the body."}, "n_answers": 30, "fav_user_ids": null}, {"id": 1101, "created": "2021-04-27T15:42:42.436256", "project_id": 5, "state": "ongoing", "quorum": 0, "calibration": 0, "priority_0": 0.0, "info": {"name": "Vector", "definition": "An insect or a living carrier that transports an infectious agent from an infected person to a susceptible person, their food or immediate surroundings."}, "n_answers": 30, "fav_user_ids": null}, {"id": 1102, "created": "2021-04-27T15:42:42.448590", "project_id": 5, "state": "ongoing", "quorum": 0, "calibration": 0, "priority_0": 0.0, "info": {"name": "Ventilator", "definition": "A device that delivers air into the lungs through a tube that is placed into the mouth or nose and down into the windpipe."}, "n_answers": 30, "fav_user_ids": null}, {"id": 1103, "created": "2021-04-27T15:42:42.460384", "project_id": 5, "state": "ongoing", "quorum": 0, "calibration": 0, "priority_0": 0.0, "info": {"name": "Viral load", "definition": "The quantity of a virus in an infected person."}, "n_answers": 30, "fav_user_ids": null}, {"id": 1104, "created": "2021-04-27T15:42:42.472237", "project_id": 5, "state": "ongoing", "quorum": 0, "calibration": 0, "priority_0": 0.0, "info": {"name": "Viral shedding", "definition": "The process by which virus particles are released into the environment from the body of an infected person."}, "n_answers": 30, "fav_user_ids": null}, {"id": 1105, "created": "2021-04-27T15:42:42.484263", "project_id": 5, "state": "ongoing", "quorum": 0, "calibration": 0, "priority_0": 0.0, "info": {"name": "Virology", "definition": "The study of viral, submicroscopic, parasitic particles of genetic material contained in a protein coat and virus like agents."}, "n_answers": 30, "fav_user_ids": null}, {"id": 1106, "created": "2021-04-27T15:42:42.496053", "project_id": 5, "state": "ongoing", "quorum": 0, "calibration": 0, "priority_0": 0.0, "info": {"name": "Virulence", "definition": "A measure of how much damage a germ does. Virulence can also refer to chemicals and toxins. COVID-19 is more virulent than the flu but less virulent than SARS and MERS."}, "n_answers": 30, "fav_user_ids": null}, {"id": 1107, "created": "2021-04-27T15:42:42.881450", "project_id": 5, "state": "ongoing", "quorum": 0, "calibration": 0, "priority_0": 0.0, "info": {"name": "Virus", "definition": "A microscopic parasite that can multiply only in the living cells of other organisms, including humans, animals, plants and bacteria."}, "n_answers": 30, "fav_user_ids": null}, {"id": 1108, "created": "2021-04-27T15:42:42.901522", "project_id": 5, "state": "ongoing", "quorum": 0, "calibration": 0, "priority_0": 0.0, "info": {"name": "Vital capacity", "definition": "Maximal breathing capacity; the amount of air that can be expired after a maximum inspiration."}, "n_answers": 30, "fav_user_ids": null}, {"id": 1109, "created": "2021-04-27T15:42:42.912952", "project_id": 5, "state": "ongoing", "quorum": 0, "calibration": 0, "priority_0": 0.0, "info": {"name": "Voluntary quarantine", "definition": "A measure to prevent the spread of an infectious disease in which a healthy person who may have been in contact with an infected person chooses to isolate themselves."}, "n_answers": 30, "fav_user_ids": null}, {"id": 1110, "created": "2021-04-27T15:42:42.924351", "project_id": 5, "state": "ongoing", "quorum": 0, "calibration": 0, "priority_0": 0.0, "info": {"name": "Warm zone", "definition": "The contamination reduction zone (or warm zone) is the transition area between the exclusion and support zones. This area is where responders enter and exit the exclusion zone and where decontamination activities take place."}, "n_answers": 30, "fav_user_ids": null}, {"id": 1111, "created": "2021-04-27T15:42:42.935578", "project_id": 5, "state": "ongoing", "quorum": 0, "calibration": 0, "priority_0": 0.0, "info": {"name": "WFH", "definition": "Work from home describes work being done remotely, instead of at an office. It has become the new way of doing business across the country amid the coronavirus pandemic."}, "n_answers": 30, "fav_user_ids": null}, {"id": 1112, "created": "2021-04-27T15:42:42.947239", "project_id": 5, "state": "ongoing", "quorum": 0, "calibration": 0, "priority_0": 0.0, "info": {"name": "Wheezing", "definition": "The high-pitched whistling sound of air entering or leaving narrowed airways."}, "n_answers": 30, "fav_user_ids": null}, {"id": 1113, "created": "2021-04-27T15:42:42.958557", "project_id": 5, "state": "ongoing", "quorum": 0, "calibration": 0, "priority_0": 0.0, "info": {"name": "WHO", "definition": "Stands for World Health Organization (WHO). This United Nations organization monitors and protects public health around the world."}, "n_answers": 30, "fav_user_ids": null}, {"id": 1114, "created": "2021-04-27T15:42:42.969998", "project_id": 5, "state": "ongoing", "quorum": 0, "calibration": 0, "priority_0": 0.0, "info": {"name": "Wobble room", "definition": "a safe physical space designated for the use of those experiencing psychological distress."}, "n_answers": 30, "fav_user_ids": null}, {"id": 1115, "created": "2021-04-27T15:42:42.981780", "project_id": 5, "state": "ongoing", "quorum": 0, "calibration": 0, "priority_0": 0.0, "info": {"name": "Work From Home", "definition": "Work from home describes work being done remotely, instead of at an office. It has become the new way of doing business across the country amid the coronavirus pandemic."}, "n_answers": 30, "fav_user_ids": null}, {"id": 1116, "created": "2021-04-27T15:42:42.993457", "project_id": 5, "state": "ongoing", "quorum": 0, "calibration": 0, "priority_0": 0.0, "info": {"name": "World Health Organization (WHO)", "definition": "This United Nations organization monitors and protects public health around the world."}, "n_answers": 30, "fav_user_ids": null}, {"id": 1117, "created": "2021-04-27T15:42:43.006086", "project_id": 5, "state": "ongoing", "quorum": 0, "calibration": 0, "priority_0": 0.0, "info": {"name": "Zoonosis", "definition": "An infectious disease that can be transmitted from animals to humans either directly, indirectly or by a vector."}, "n_answers": 30, "fav_user_ids": null}]