definition,name,task_id
Angiotensin-converting-enzyme inhibitors (ACE inhibitors) are a class of medication used primarily for the treatment of high blood pressure and heart failure.,ACE Inhibitor,908
"a condition in which fluid builds up in the air sacs of the lungs. The fluid prohibits the lungs from getting enough air, leading to a deprivation of oxygen in the bloodstream.",Acute respiratory stress syndrome,909
"a travel corridor between two or more states allowing passage without quarantine. In July 2020, amid confusion, official messaging began to substitute the phrase ‘international travel corridors’.",Air bridge,910
"When a virus can be transmitted from person to person by the tiny particles of moisture released from the mouth or nose when speaking, breathing or singing.",Airborne,911
A class of drugs used to treat viral infections not bacterial ones (which are treated with antibiotics).,Anti-viral medicines,912
"Antibody blood tests, also called antibody tests, detect specific types of antibodies in your blood, which show if you had a previous infection with the virus.",Antibody Testing,913
"a condition in which fluid builds up in the air sacs of the lungs. The fluid prohibits the lungs from getting enough air, leading to a deprivation of oxygen in the bloodstream.",ARDS,914
Person not showing any signs of illness. Some people without any symptoms still have and can spread the coronavirus.,Asymptomatic,915
The transmission of a virus by people who are infected but don't realize it because they don't have any symptoms. Coronavirus can be transmitted asymptomatically.,Asymptomatic transmission,916
The average number of secondary cases generated by an infected person when the whole population is susceptible to the infectious disease.,Basic reproduction number,917
Monitoring the occurrence of contagion in a population.,Biosurveillance,918
A bubble is formed by people not necessarily from the same household who agree to create a group in which physical distancing measures are not mandatory. The number of people allowed in a bubble can vary from one place to another.,Bubble,919
A geographical or temporal collection of cases of an infectious disease that is higher in number than what would be expected in a given area over a specific period of time.,Case cluster,920
A set of criteria for determining whether a person has a given disease.,Case definition,921
An estimate of the risk of mortality from a contagious disease.,Case Fatality Rate,922
"A case investigation occurs when public health officials learn that someone has tested positive for COVID19, and an interviewer reaches out to that person to determine who they have been in close contact with.",Case Investigation,923
"The Centers for Disease Control and Prevention (CDC) is a national public health institute in the United States. It is a United States federal agency, under the Department of Health and Human Services,and is headquartered in Atlanta, Georgia.",CDC,924
"The Centers for Disease Control and Prevention (CDC) is a national public health institute in the United States. It is a United States federal agency, under the Department of Health and Human Services,and is headquartered in Atlanta, Georgia.",Centers for Disease Control,925
An estimate of the risk of mortality from a contagious disease.,CFR,926
"The chain of infection is composed of six links the infectious agent, the reservoir, the portal of exit, the mode of transmission, the portal of entry and the susceptible host.",Chain of infection,927
"They are research experiments on human participants designed to answer questions about new treatments; in the case of COVID-19 and coronaviruses, the safety and efficacy of a potential vaccine.",Clinical trial,928
"When a person is diagnosed with a disease by their health care provider based on symptoms and risk factors, but they do not have a laboratory test to confirm the diagnosis.",Clinically diagnosed,929
A close contact is a person who has been within about 6 feet of a person who has a confirmed novel coronavirus infection for a prolonged period of time or has had direct contact with secretions from a person with confirmed novel coronavirus infection.,Close Contact,930
"A collection of cases occurring in the same place at the same time. In the U.S. in February and March, early clusters of COVID-19 developed in California, New York, and Washington state.",Cluster,931
An unusually high incidence of a particular disease occurring at the same time and place.,Cluster of Disease,932
The support zone (or cold zone) is the area of the site that is free from contamination and that may be safely used as a planning and staging area.,Cold zone,933
"Virus as a sinister threat to the collectivity (NATO). A phrase used by Donald Trump, as in this tweet from 10th April 2020 ‘The Invisible Enemy will soon be in full retreat!’.",Common invisible enemy,934
"Similar in meaning as ""contagious."" Used to describe diseases that can be spread or transmitted from one person to another.",Communicable,935
"As they relate to COVID-19, the CDC defines community mitigation strategies as actions, apart from getting vaccinated and taking medicine, that people and communities can take to help slow the spread of illnesses like pandemic influenza (flu).",Community mitigation,936
Circulation of a disease among people in a certain area with no clear explanation of how they were infected they did not travel to an affected area and had no close link to another confirmed case. This is sometimes referred to as community transmission.,Community spread,937
Infections identified in a given geographic area without a history of travel elsewhere and no connection to a known case.,Community transmission,938
"in contrast to a presumptive positive case, this is confirmation from the Centers for Disease Control and Prevention (CDC) of a positive COVID-19 test in an individual.",Confirmed positive case,939
"Public places that can get crowded and where contact with infected people can happen. This includes places like malls, theaters, and grocery stores.",Congregate settings,940
The final step of contact tracing that involves getting in touch with the identified contacts of a person having an infectious disease to monitor their symptoms and ensure that proper measures are taken to avoid the spread of the infectious disease.,Contact follow-up,941
The first step of contact tracing that involves questioning a person having an infectious disease about their activities and their interactions with others to identify the people who have been in contact with them.,Contact identification,942
"The second step of contact tracing that involves communicating with people who have been in contact with a person having an infectious disease to inform them of the exposure, and to give them information about the importance of receiving early care if they develop symptoms and about measures to take to avoid the spread of the infectious disease.",Contact listing,943
"The process of identifying, assessing, and managing people who have been exposed to a contagious disease to prevent onward transmission.In the case of COVID-19, monitoring usually involves self-quarantine as an effort to control the spread of disease.",Contact tracing,944
"without contact; for example, ‘contactless delivery’ would include leaving purchased items at the entryway of a home rather than handing it directly to a person.",Contactless,945
A disease that can spread from person to person through direct or indirect transmission. Also known as communicable disease. Coronavirus is a highly contagious disease.,Contagious disease,946
a geographical zone with limited access in or out in an effort to contain an outbreak.,Containment area,947
"It is used to describe the state that the virus has gotten on a surface, an object or a limb.",Contaminated,948
The antibody-rich plasma of someone who is recovering from an infectious disease.The body of a person with an infectious disease produces antibodies. The antibodies remain in the plasma to shield the person from reinfection.,Convalescent plasma,949
"A measure preventing anyone from leaving a defined geographic area, such as a community, region, or country infected by a disease to stop the spread of the disease.",Cordon sanitaire,950
"A family of related viruses. Many of them cause respiratory illnesses. ""Corona"" alludes to the tiny spikes found on the surface of the virus, which scientists thought resembled a crown, when seen through a microscope.",Coronavirus,951
"The novel CoronavIrus Disease is an upper respiratory infection that was first identified in 2019. The germ that causes it is formally known as SARS-CoV-2.The symptoms of COVID-19 include cough, fever, and shortness of breath. While the disease appears to cause mild to moderate illness in most people, in others it has caused life-threatening pneumonia and death.",Coronavirus disease 2019,952
Diagnostic testing for coronavirus infection is currently done through a nasal or throat swab. A clinician uses a long cotton swab to take a sample of mucus and other secretions from the back of your throat. The swab enters through the patient's nose and passes into your throat. This sample is sent to a laboratory for testing.,Coronavirus tests,953
"A shorthand way of referring to the novel Coronavirus Disease, an upper respiratory infection that was first identified in 2019. The germ that causes it is formally known as SARS-CoV-2.The symptoms of COVID-19 include cough, fever, and shortness of breath. While the disease appears to cause mild to moderate illness in most people, in others it has caused life-threatening pneumonia and death.",COVID-19,954
"A severe immune reaction in which the body releases too many cytokines into the blood too quickly. Cytokines play an important role in normal immune responses, but having a large amount of them released in the body all at once can be harmful. Signs and symptoms include high fever, inflammation (redness and swelling), and severe fatigue and nausea.",Cytokine Storm,955
"The transmission of a disease through direct physical contact, such as shaking hands or kissing, between an infected person and another, or when the spray produced by an infected person's cough or sneeze reaches another's nose, mouth or eyes.",Direct transmission,956
"A disease cluster is an unusually high incidence of a particular disease or disorder occurring in close proximity in terms of both time and geography. Typically, when clusters are recognized, they are reported to public health departments in the local area.",Disease Cluster,957
It is the process of killing microorganisms in the inanimate environment or stopping their reproduction. Chemical substances used for this purpose are called disinfectants.,Disinfection,958
the spread of fake news and false theories.,Disinformation pandemic,959
"Individuals remain in their vehicles, and medical staff in protective gear come to administer the swab test and the swabs are sent to a laboratory for testing.",Drive through testing,960
"A mode of transmission for a contagious disease that involves relatively large, short-range (less than 6 feet) respiratory droplets produced by sneezing, coughing, or talking.",Droplet transmission,961
A cough with no expectoration.,Dry cough,962
The identification of a specific disease at an early stage in the natural history of the disease.,Early detection,963
The elbow bump is a way of greeting each other without shaking hands.,Elbow bump,964
"Procedures that are considered non-urgent and non-essential. During periods of community transmission, CDC is recommending postponing elective procedures, surgeries, and non-urgent outpatient visits.",Elective procedures,965
"The baseline, or expected, level of the disease in the community meaning it always exists, like the common cold and flu, which are usually at low, predictable rates.",Endemic,966
A screening done when a person arrives in a country.,Entry screening,967
"This refers to a sudden increase in the number of cases of a disease, above what is typically expected in a particular area.",Epidemic,968
a graph or chart depicting the progression of an outbreak in a particular population.,Epidemic curve,969
"As defined by the World Health Organization (WHO), epidemic threshold is the critical number or density of susceptible hosts required for an epidemic to occur. The epidemic threshold is used to confirm the emergence of an epidemic so as to step-up appropriate control measures.",Epidemic Threshold,970
The branch of medicine that studies how diseases happen and spread in communities of people. A person who studies epidemiology is called an epidemiologist.,Epidemiology,971
"Essential businesses are those that serve a critical purpose, such as grocery stores, pharmacies, waste collection, health care providers, gas stations, banks, transportation and agriculture services. This contrasts to non-essential businesses, which serve more recreational purposes.",Essential business,972
The material expelled from the respiratory tract through the mouth by coughing or clearing the throat.,Expectoration,973
"This means coming in contact with the virus. The virus is thought to spread when someone who is infected coughs, sneezes, or exhales. This is why people should stay at least 6 feet from each other. The virus can also get on surfaces and objects that other people then touch. It is important to wash your hands before you touch your mouth, nose, face, or eyes.",Exposed,974
An accessory covering the mouth and nose to prevent droplet transmission in situations where it is impossible to apply physical distancing measures.,Face covering,975
"When a test done on a specimen collected from a person infected by the disease being tested for yields a negative result, it is a false negative.",False negative,976
"When a test done on a specimen collected from a person not infected by the disease being tested for yields a positive result, it is a false positive.",False positive,977
The name of the process of screening the chain of contact related to an infectious disease.,Filiation,978
"Slowing a virus' spread to reduce the peak number of cases and related demands on hospitals and infrastructure Controlling the rate of new cases of COVID-19.The ""curve"" refers to a graph showing the number of cases of COVID-19 that happen over a period of time. Many cases happening in a short period of time create a graph that looks like a tall spike.",Flatten the curve,979
"An inanimate object that can be the vehicle for transmission of an infectious agent (e.g., bedding, towels, or surgical instruments). There is evidence that coronavirus spreads via fomites although, this is a less common route of transmission.",Fomite,980
The foot shake is a way of greeting each other without shaking hands.,Foot shake,981
a device that measures body temperature through hovering near or contact with the forehead rather than traditional insertion.,Forehead thermometer,982
Key workers or frontline staff are employees who provide an essential service or key public service.,Frontline workers,983
A key strategy for slowing the spread for COVID-19. Washing hands with soap and water for at least 20 seconds is one of the most important steps to take to protect against COVID-19 and many other diseases.,Hand hygiene,984
a temporary increase in the mortality rate when secondary factors such as underlying health conditions add to the number of victims of an epidemic.,Harvesting effect,985
"a health screening is an effective way to detect a specific disease or condition early, even when there have been no symptoms or signs of the disease They are an important step in determining if you might be ill.",Health screening,986
"The term ""health care provider"" can refer to a professional or an organization.",Health-care provider,987
"A sufficient number of people in the community are collectively developing immunity to any infection. To provide herd immunity, the required immunity rate in the population must be 70-80 percent. If it cannot be vaccinated, the only way to create this immunity is to get the majority of the population to the disease.",Herd Immunity,988
"Some people may get sicker than others because of their age and health. Those considered high-risk include older people or those with certain underlying health conditions. These include blood disorders, chronic kidney disease, chronic liver disease, a compromised immune system, late term or recent pregnancy, endocrine disorders, metabolic disorders, heart disease, lung disease, and neurological conditions.",High risk,989
Persons with COVID-19 who have symptoms or laboratory-confirmed COVID-19 who have been directed to stay at home until they are recovered.,Home isolation,990
A living cell invaded by or capable of being invaded by an infectious agent (such as a bacterium or a virus).,Host cell,991
The exclusion zone (or hot zone) is the area with actual or potential contamination and the highest potential for exposure to hazardous substances.,Hot zone,992
"sold under the brand name Plaquenil among others, is a medication used to prevent and treat malaria in areas where malaria remains sensitive to chloroquine. It is taken by mouth. It is also being studied as a treatment for coronavirus disease 2019 (COVID-19).",Hydroxychloroquine (HCQ),993
"the process of monitoring the immune system's activities, which may include the detection and destruction of foreign substances, cells or tissues.",Immune surveillance,994
"It is a complex system that forms the defense mechanism against diseases in a living being, recognizes and destroys pathogens and tumor cells, protects the body from foreign and harmful substances. In short, it is a defense shield that protects the body against diseases.",Immune System,995
Your body's ability to resist or fight off an infection. Your immune system is a network of cells throughout your body that help you avoid getting infected and help you get better when you are infected.,Immunity,996
Also called immune-compromised or immunodeficient. This describes someone who has an immune system that can't resist or fight off infections as well as most people. This can be caused by several illnesses. Some treatments for illnesses can also cause someone to be immunocompromised.,Immunocompromised,997
an individual who experiences reduced efficacy of the immune system as a result of health conditions not related to COVID-19 disease. People who are immunosuppressed are at greater risk for hospitalization and severe sickness from the SARS-CoV-2 virus.,Immunosuppressed,998
"The amount of time it may take for symptoms to appear in someone who has become infected with a disease. The incubation period for coronavirus is believed to be between two and 14 days, with symptoms usually appearing after five days.",Incubation period,999
the first documented case of an infectious disease.,Index case,1000
"the first person infected with a disease in an epidemic. Interchangeable with the term ""patient zero.""",Index patient,1001
"The transmission of a disease through physical contact with contaminated surfaces, such as door handles or elevator buttons. There is evidence that coronavirus can survive on some hard surfaces for as long as three days.",Indirect transmission,1002
An infection occurs when a microorganism enters a person's body and causes harm.,Infection,1003
"A disorder caused by microorganisms, such as bacteria and viruses, not normally found in the human body. Infectious diseases can be transmitted directly or indirectly to people by other people, insects, animals and contaminated food, water or other substances.",Infectious disease,1004
"an excessive amount of information about a problem, which is sometimes incorrect and can have a negative effect on finding a solution.",Infodemic,1005
A procedure that's used when you can't breathe on your own. Your doctor puts a tube down your throat and into your windpipe to make it easier to get air into and out of your lungs. A machine called a ventilator pumps in air with extra oxygen. Then it helps you breathe out air that's full of carbon dioxide (CO2).,Intubation,1006
"The practice of keeping someone who is determined to have a contagious disease apart from people other than care providers, as in a hospital isolation ward.",Isolation,1007
"A gown used to protect a non-infected person against contact with microorganisms and body fluids when patients are in isolation. In the context of the COVID-19 pandemic, the gown is worn by healthcare workers. When patients are in isolation in the hospital and visits are allowed, visitors must wear the necessary personal protective equipment, including the isolation gown.",Isolation gown,1008
"Isopropyl alcohol, also known as isopropanol; clear, the mixture of ethanol and acetone has an odor; It is a type of alcohol that can be used in household and industrial areas, has a cleaning and stain removing a feature.",Isopropyl Alcohol,1009
individuals with at least one respiratory specimen that tested positive for the virus that causes COVID-19 at a laboratory.,Laboratory Confirmed COVID-19 Case,1010
The transmission of an infectious disease among a group of people that is linked to contact with a person returning from a known area of infection or with a person known to be infected.,Local transmission,1011
"an emergency measure in which individuals are restricted from certain areas in an attempt to control exposure or transmission of disease. In a lockdown during an epidemic, individuals are encouraged to stay home.",Lockdown,1012
The process of removing restrictions to movements and gatherings that were imposed on a population for public health or safety reasons.,Lockdown lifting,1013
"As the public does its part to help stop the spread of disease, health care workers on the front lines are caring for an increasing number of patients with COVID-19.",Medical response,1014
"Another type of coronavirus, transmitted from camels. MERS is more deadly than COVID-19. It causes noticeable symptoms in most people, so it's easier to track the virus.",MERS,1015
"They are small and single-celled creatures that are too small to be seen with the naked eye. Bacteria, yeasts, molds, algae, and protozoa are basic microorganisms. Mushrooms, mosses, lichens are also microorganisms, but they look like normal plants because they have differentiated cells and/or merged cells.",Microorganisms,1016
"Another type of coronavirus, transmitted from camels. MERS is more deadly than COVID-19. It causes noticeable symptoms in most people, so it's easier to track the virus.",Middle East Respiratory Syndrome,1017
"Community actions, such as social distancing, that are designed to help keep people healthy, reduce exposures to COVID-19, and slow the spread of the disease (WA DOH).",Mitigation Strategies,1018
When an individual checks his/her temperature twice per day and watches for symptoms of COVID-19.,Monitoring,1019
The number of people who will get sick from a particular cause in a particular population over a certain period of time. To calculate the morbidity rate you would divide the number of sick people in a population by the number of healthy people.,Morbidity rate,1020
"Refers to the state of being mortal (destined to die). In medicine, a term also used for death rate, or the number of deaths in a certain group of people in a certain period of time. Mortality may be reported for people who have a certain disease, live in one area of the country, or who are of a certain gender, age, or ethnic group.",Mortality,1021
The number of deaths caused by a disease divided by the number of confirmed cases.,Mortality rate,1022
"Sometimes referred to as an ""N95 mask,"" this PPE is worn on providers' faces, forming a tight seal around the nose and mouth. Though it looks like a surgical mask, an N95 is actually a respirator that filters out at least 95% of particles in the air. The CDC does not recommend N95 respirators for public use.",N95 respirator,1023
"a state of emergency resulting from the global threat of the pandemic. On March 13, 2020, President Trump issued a national emergency concerning the COVID-19 outbreak, which allowed for loosened restrictions on tele-health as well as certain requirements for hospitals and health care providers to allow them to respond to the crisis.",National emergency,1024
Rooms specifically designed for patients with contagious diseases that contain any circulating air in the room and prevent it from being released into any other part of the hospital.,Negative-pressure rooms,1025
"Also known as community mitigation strategies, i.e. actions, apart from getting vaccinated and taking medicine, that people and communities can take to help slow the spread of illnesses.",Non Pharmaceutical Interventions,1026
"A novel coronavirus is a new coronavirus that has not been previously identified. The virus causing coronavirus disease 2019 (COVID-19), is not the same as the coronaviruses that commonly circulate among humans and cause mild illness, like the common cold.",Novel Coronavirus,1027
"Also known as Nonpharmaceutical interventions. They are community mitigation strategies, i.e. actions, apart from getting vaccinated and taking medicine, that people and communities can take to help slow the spread of illnesses.",NPIs,1028
A sudden increase in the number of cases of a particular disease in a relatively small geographical area.,Outbreak,1029
a pandemic-associated widespread economic recession.,Pancession,1030
The worldwide spread of a disease that affects large numbers of people.,Pandemic,1031
Stands for Powered Air-Purifying Respirator. They are the full-body suits and helmets that healthcare workers wear to treat people quarantined with infectious diseases.,PAPR,1032
"All kinds of organisms and substances that cause disease. This term is mostly used for structures that impair the functioning and cell integrity of multicellular organisms; however, there are also pathogens that affect single cells.",Pathogen,1033
the first individual infected with a disease during an epidemic.,Patient zero,1034
"PCR (molecular) tests look for the genetic material of the virus itself in the nose, throat, or other areas in the respiratory tract to determine if there is an active infection with SARS- CoV-2.",PCR Test,1035
"has the meanings of reaching the summit, the highest limit, the record level, the most intense. The ""peak point"" used during the Covid-19 outbreak means the highest number of cases.",Peak point,1036
A person under investigation (or PUI) refers to a person who had been in close contact with a person with confirmed infection or/and may have been to place where there is an outbreak.,Person under investigation,1037
A person under monitoring (or PUM) is monitored until they've gone a period of time without developing symptoms.,Person under monitoring,1038
"When a virus is spread between people, including physical contact or coughing and sneezing. This is in contrast to when a virus is spread via animals or through contaminated objects or surfaces.",Person-to-person transmission,1039
"Personal protective equipment (PPE) is specialized clothing or gear used to prevent contact with infectious or hazardous materials.This includes masks, face shields, gloves, gowns and other coverings that healthcare workers use to prevent the spread of infection to themselves and other patients.",Personal Protective Equipment,1040
The practice of maintaining greater space between oneself and others and/or avoiding direct contact with other people.,Physical distancing,1041
"It is a method to be applied by transplanting antibodies against this virus in the blood of people who have recovered from Covid-19, especially those who are struggling with the disease and especially in severe situations.",Plasma treatment,1042
"An infection in one or both lungs. Bacteria, viruses, and fungi cause it. The infection causes inflammation in the air sacs in your lungs, which are called alveoli. The alveoli fill with fluid or pus, making it difficult to breathe.",Pneumonia,1043
"The anatomic site at which an infectious agent enters a host's body.For example, the mucous membranes of the nose or mouth and skin lesions can be portals of entry.",Portal of entry,1044
"The means used by an infectious agent to leave a host's body.For example, respiratory droplets, feces, urine or blood can be portals of exit.",Portal of exit,1045
They are the full-body suits and helmets that healthcare workers wear to treat people quarantined with infectious diseases.,Powered Air-Purifying Respirator,1046
"Personal protective equipment (PPE) is specialized clothing or gear used to prevent contact with infectious or hazardous materials.This includes masks, face shields, gloves, gowns and other coverings that healthcare workers use to prevent the spread of infection to themselves and other patients.",PPE,1047
"Pre-existing conditions are health conditions someone already has that could make a coronavirus infection worse. Lung disease, asthma and heart disease are pre-existing conditions",Pre-existing conditions,1048
"When an individual has COVID-19 and is infectious, but does not yet show symptoms.",Pre-symptomatic,1049
"an individual who has tested positive for COVID-19 by a local public health lab, but whose results are awaiting confirmation from the CDC.",Presumptive positive case,1050
"The Center for Disease Control and Prevention(CDC) always recommends everyday preventive actions to help prevent the spread of respiratory diseases,including: Avoid contact with people who are sick. Stay home when you are sick. Cover your cough or sneeze with a tissue, then throw the tissue in the trash.Wash your hands often with soap and water for at least 20 seconds. If soap and water are not available, use an alcohol-based hand sanitizer with at least 60% alcohol.",Prevention,1051
"The first case of an infectious disease that occurs in a population.The primary case can be the index case. As such, these terms are sometimes used interchangeably in non-technical texts.",Primary case,1052
A person showing convincing signs and symptoms of a disease but whose condition is not confirmed by a laboratory method.,Probable case,1053
requiring intensive care patients to lie on their front to reduce their need for oxygen.,Proning,1054
The field of science that deals with the protection of the health of individuals.,Public Health,1055
"As defined by CNN, a public health emergency is an official designation made by a government body. In the U.S., a public health emergency is determined by the Secretary of the Department of Health and Human Services.",Public Health Emergency,1056
"When a health provider suspects a person has the coronavirus. But, no test has confirmed the infection.",PUI,1057
An individual who does not have COVID-19 symptoms but has been in contact with someone who is presumed or confirmed to have the virus. A PUM is monitored until they've gone a period of time without developing symptoms.,PUM,1058
The practice of confining apparently healthy people who may have been exposed to an infectious disease to see whether they become ill. The length of a quarantine depends on the incubation period of the disease.,Quarantine,1059
Is a medication used to treat malaria and babesiosis. This includes the treatment of malaria due to Plasmodium falciparum that is resistant to chloroquine when artesunate is not available.,Quinine,1060
"An epidemiologic metric used to describe the contagiousness or transmissibility of infectious agents, which is usually estimated with complex mathematical models developed using various sets of assumptions. It is an estimate of the average number of new cases of a disease that each case generates, at a given point in time.",R0 / reproductive rate,1061
a geographical area or location classified as having the highest levels of infected individuals and which should be placed under quarantine.,Red zone,1062
"According to the CDC, resilience is the ability to withstand and recover from stress.",Resilience,1063
"a device designed to protect individuals from inhaling something hazardous in the air, in this case, particulate that may be contaminated with the SARS-CoV-2 virus.",Respirator,1064
A disease that affects the lungs and other parts of the body involved with breathing. Coronavirus is a respiratory disease.,Respiratory disease,1065
"SARS or Severe acute respiratory syndrome first infected humans in 2002 and reached epidemic proportions before it was contained there have been no outbreaks since 2003. SARS causes fever, headache, body aches, a dry cough, hypoxia (oxygen deficiency), and usually pneumonia. SARS and SARS CoV-2 are related genetically, but the diseases they cause are different.",SARS,1066
"The name of the virus that causes coronavirus disease (COVID-19). As the name indicates, the virus is related to the SARS-associated coronavirus (SARS-CoV) that caused an outbreak of severe acute respiratory syndrome (SARS) in 2002-2003, however it is not the same virus (WA DOH).",SARS-CoV-2,1067
"A basic series of questions posed by medical personnel to determine if someone should be tested for a particular disease or condition. In the case of coronavirus, screening may include taking your temperature, and questions about possible exposure to someone with confirmed or suspected COVID-19.",Screening,1068
a resurgence in the number of cases of infection following the relaxation of initial containment procedures.,Second wave,1069
A person who gets a disease from contact with the primary case.,Secondary case,1070
The practice of separating someone who is sick from healthy individuals to prevent the spread of disease. Strategies include confining oneself to a single room/bathroom during the recovery period and not going out in public until the danger of transmission has passed.,Self-isolation,1071
"This simply means checking yourself for COVID-19 symptoms, including fever, cough, or difficulty breathing. If you notice symptoms, you should self-isolate and seek advice by telephone from a health care provider or local health department to determine whether you need a medical evaluation.",Self-monitoring,1072
"The practice of isolating yourself from others until it is considered safe to return to public life. In the case of COVID-19, people who suspect they might have been exposed to the virus should self-quarantine for 14 days.",Self-quarantine,1073
"is a potentially life-threatening condition caused by the body's response to an infection. The body normally releases chemicals into the bloodstream to fight infection. Sepsis occurs when the body's response to these chemicals is out of balance, triggering changes that can damage multiple organ systems.",Sepsis,1074
"It is a frequent medical blood test when a disease is suspected, such as infection and blood-borne hepatitis. The purpose of the serology testing is to find out whether the body produces antibodies against a number of microorganisms (microbes) such as virus bacteria and parasites. It is frequently preferred in terms of easy application and results in a short time.",Serology Testing,1075
"SARS or Severe acute respiratory syndrome first infected humans in 2002 and reached epidemic proportions before it was contained there have been no outbreaks since 2003. SARS causes fever, headache, body aches, a dry cough, hypoxia (oxygen deficiency), and usually pneumonia. SARS and SARS CoV-2 are related genetically, but the diseases they cause are different.",Severe acute respiratory syndrome,1076
"This is a decree, usually from a government official, for people to stay in their homes with exceptions that include going out for essential needs, such as groceries, as well as outdoor activities like walking and biking in public spaces. People who work in critical services, like health care or law enforcement, or essential businesses, are usually excluded from these mandates.",Shelter-in-place order,1077
Also called physical distancing. It means putting space between yourself and other people at all times. The CDC recommends keeping at least six feet between you and others around you in public. Social distancing also includes avoiding crowds and groups in public.,Social distancing,1078
"also known as the 1918 influenza pandemic, this was the most severe pandemic in recent history according to the Centers for Disease Control and Prevention, with an estimated 500 million infections and 50 million deaths worldwide.",Spanish flu,1079
"When a disease and the virus that causes it begins to spread, epidemiologists (who are considered the basic scientists of public health) take notice, looking for the frequency, patterns, and causes associated with it. Below are definitions of a few of those epidemiological terms that you may hear or see reported in the news, especially as they relate to COVID-19.",Spread of disease,1080
"A legal designation that allows civic leaders to request and obtain certain types of financial aid from the government, and take certain actions to protect the public.",State of emergency,1081
"This is a government order. People are told to stay home. Staying apart helps to stop people from giving the disease to each other. People can go out to do some things, but they should wear a mask and stay at least 6 feet away from other people.",Stay-at-home order,1082
"One person who, for unknown reasons, can infect an unusually large number of people. Infectious disease specialists say it is common for super-spreaders to play a large role in the transmission of viruses. In what's known as the 80/20 rule, 20% of infected patients may drive 80% of transmissions.",Super-spreader,1083
"A loose-fitting, disposable device that creates a physical barrier between the mouth and nose of the wearer and potential contaminants in the immediate environment.",Surgical mask,1084
"A dynamic process involving the activities of collecting, managing, analyzing and reporting data on events occurring in a particular population.",Surveillance,1085
A person whose immunity against a specific infectious agent is not sufficient to protect them from infection by this agent.,Susceptible host,1086
"A person who may have a disease because of their symptoms and risk factors based on current guidelines, but this person was not tested.",Suspected case,1087
A device used for collecting a specimen consisting of a stick with one end covered in an absorbent material.,Swab,1088
"Showing symptoms of disease. The most common symptoms of Covid-19 include cough, shortness of breath or difficulty breathing, fever, chills, muscle pain, sore throat, and new loss of taste or smell.",Symptomatic,1089
"Telemedicine uses technology, such as videoconferencing and remote patient monitoring, to provide real-time health care at a distance and allow doctors and patients to communicate and consult from afar.",Telemedicine,1090
"The practice of using blood, urine, saliva, mucus or some other bodily fluid to determine if someone either has a specific condition or has been exposed to a particular infectious disease. In the case of COVID-19, patients must first undergo screening to determine if they need to be tested.",Testing,1091
"These agents open airways, prevent and relieve airway spasms, and prevent night-time cough and shortness of breath.",Theophylline agents,1092
"A small, hand-held device that helps to keep the airways open and prevent the lungs from collapsing.",TheraPep,1093
A test that measures the amount of air in the lungs after a person has breathed in as much as possible.,Total lung capacity test,1094
Identify people who may have been exposed to a person having an infectious disease to ensure that they are aware of the possible exposure and to follow up with them.,Trace contacts,1095
"A surgical opening made when necessary in the main airway, the trachea.",Tracheostomy,1096
The number of people who will be infected by any one person with the particular disease.,Transmission rate,1097
"A zone composed of at least two countries, provinces or territories where a given infectious disease has been contained, within which inhabitants are free to travel and there is no longer a mandatory quarantine period for travellers.",Travel bubble,1098
"An existing health problem that impairs an individual's resistance to another disorder or disease. Among the underlying conditions that increase the risk of contracting a severe case of coronavirus are diabetes, heart disease, respiratory illnesses and immune system disorders.",Underlying medical condition,1099
A biological preparation designed to provide immunity against one or several diseases by stimulating the production of antibodies in the body.,Vaccine,1100
"An insect or a living carrier that transports an infectious agent from an infected person to a susceptible person, their food or immediate surroundings.",Vector,1101
A device that delivers air into the lungs through a tube that is placed into the mouth or nose and down into the windpipe.,Ventilator,1102
The quantity of a virus in an infected person.,Viral load,1103
The process by which virus particles are released into the environment from the body of an infected person.,Viral shedding,1104
"The study of viral, submicroscopic, parasitic particles of genetic material contained in a protein coat and virus like agents.",Virology,1105
A measure of how much damage a germ does. Virulence can also refer to chemicals and toxins. COVID-19 is more virulent than the flu but less virulent than SARS and MERS.,Virulence,1106
"A microscopic parasite that can multiply only in the living cells of other organisms, including humans, animals, plants and bacteria.",Virus,1107
Maximal breathing capacity; the amount of air that can be expired after a maximum inspiration.,Vital capacity,1108
A measure to prevent the spread of an infectious disease in which a healthy person who may have been in contact with an infected person chooses to isolate themselves.,Voluntary quarantine,1109
The contamination reduction zone (or warm zone) is the transition area between the exclusion and support zones. This area is where responders enter and exit the exclusion zone and where decontamination activities take place.,Warm zone,1110
"Work from home describes work being done remotely, instead of at an office. It has become the new way of doing business across the country amid the coronavirus pandemic.",WFH,1111
The high-pitched whistling sound of air entering or leaving narrowed airways.,Wheezing,1112
Stands for World Health Organization (WHO). This United Nations organization monitors and protects public health around the world.,WHO,1113
a safe physical space designated for the use of those experiencing psychological distress.,Wobble room,1114
"Work from home describes work being done remotely, instead of at an office. It has become the new way of doing business across the country amid the coronavirus pandemic.",Work From Home,1115
This United Nations organization monitors and protects public health around the world.,World Health Organization (WHO),1116
"An infectious disease that can be transmitted from animals to humans either directly, indirectly or by a vector.",Zoonosis,1117
